"Id_Autenticacion","Fecha_Hora_Envio","Contador_Intentos","cod_Verificacion","Id_sesion","Id_Estado_autenticador"
"1","2024-05-08 17:01:31","3","702699","592","3"
"2","2024-07-30 22:25:23","1","395032","90","1"
"3","2023-11-20 20:52:06","1","384018","211","1"
"4","2023-03-06 12:55:19","1","409065","559","3"
"5","2023-01-20 03:52:39","1","921096","504","2"
"6","2023-07-17 00:57:42","1","343175","398","3"
"7","2024-11-16 16:41:22","1","508938","1","1"
"8","2024-01-24 11:32:11","2","911652","985","2"
"9","2024-05-25 02:12:04","1","525531","676","3"
"10","2023-11-18 18:49:25","2","758865","387","2"
"11","2023-06-11 22:32:24","2","730828","850","1"
"12","2023-07-24 04:16:00","1","376425","739","1"
"13","2024-12-18 13:22:16","1","808067","449","1"
"14","2023-04-15 19:57:37","1","984291","494","1"
"15","2023-03-15 02:20:46","1","205134","719","3"
"16","2024-01-09 04:00:57","2","764179","456","2"
"17","2023-01-18 00:45:38","2","466881","310","2"
"18","2023-03-16 13:39:45","2","331051","734","1"
"19","2023-06-26 01:49:50","1","351513","895","2"
"20","2023-10-16 17:38:05","3","722342","75","2"
"21","2023-10-09 15:17:54","1","991212","510","3"
"22","2023-04-11 23:24:03","2","599664","285","2"
"23","2024-02-07 20:41:16","1","715323","484","3"
"24","2024-10-11 17:09:09","3","216176","847","1"
"25","2024-12-21 03:00:39","3","568119","840","3"
"26","2023-08-19 05:16:43","1","708242","95","2"
"27","2024-11-20 04:16:45","3","369127","613","2"
"28","2023-07-17 11:09:04","1","267263","700","3"
"29","2024-04-01 21:04:08","3","624052","363","3"
"30","2023-03-29 18:05:53","2","261268","697","1"
"31","2024-09-14 22:24:56","2","758695","899","2"
"32","2023-11-12 21:23:17","2","283986","170","1"
"33","2024-12-21 23:39:39","1","717248","139","3"
"34","2023-11-10 23:31:20","3","885101","477","1"
"35","2023-12-19 03:10:46","3","354520","124","1"
"36","2024-06-10 01:13:45","1","256675","411","1"
"37","2023-04-08 19:14:49","1","739579","106","1"
"38","2024-06-26 22:47:37","1","476012","933","1"
"39","2023-05-21 19:16:18","2","929737","384","1"
"40","2023-03-22 14:21:58","1","835929","611","1"
"41","2024-07-27 06:57:26","3","322553","458","3"
"42","2024-08-10 09:47:34","2","769057","766","2"
"43","2023-05-27 01:15:45","1","947988","855","2"
"44","2023-02-09 16:35:48","1","698213","965","2"
"45","2023-08-19 14:20:12","3","620274","259","1"
"46","2023-10-16 18:00:44","2","912686","583","2"
"47","2023-01-27 11:10:43","2","610925","935","1"
"48","2023-01-01 15:09:11","2","207855","966","1"
"49","2024-06-25 20:38:06","3","343700","575","3"
"50","2024-11-13 17:19:00","1","705536","957","1"
"51","2024-04-15 11:58:30","2","997213","341","2"
"52","2024-11-06 23:28:54","1","450969","913","1"
"53","2024-04-23 04:35:13","3","355758","224","1"
"54","2024-06-14 21:16:36","2","616822","811","1"
"55","2023-01-18 13:01:55","1","528706","496","2"
"56","2023-05-24 00:46:36","3","689222","420","1"
"57","2023-12-22 00:27:17","1","102265","182","3"
"58","2024-12-01 22:48:04","1","176452","511","1"
"59","2024-01-12 00:36:59","2","797843","93","2"
"60","2024-09-23 16:39:00","1","825972","318","2"
"61","2024-07-25 11:36:47","3","200374","511","2"
"62","2023-04-13 13:23:23","1","359872","128","2"
"63","2024-03-08 09:14:14","3","105933","417","1"
"64","2024-09-17 12:48:15","2","694601","726","1"
"65","2023-08-11 16:37:50","3","978055","982","3"
"66","2023-07-02 18:54:11","2","398001","337","1"
"67","2023-09-17 14:49:37","1","891669","323","3"
"68","2023-05-30 16:47:08","1","264047","401","2"
"69","2024-01-19 20:54:53","3","662698","555","1"
"70","2023-09-26 03:45:53","2","801416","206","2"
"71","2023-03-24 16:35:24","2","155540","380","1"
"72","2024-11-15 12:47:32","1","799322","630","3"
"73","2024-08-04 14:51:21","1","300601","341","2"
"74","2024-05-12 21:38:26","2","579433","258","3"
"75","2023-12-20 01:26:05","3","790725","926","3"
"76","2023-11-23 09:37:07","2","869502","636","2"
"77","2024-06-24 20:12:38","1","293312","85","2"
"78","2023-05-26 19:29:35","3","716501","333","1"
"79","2023-07-25 05:08:45","2","244633","577","3"
"80","2024-09-12 23:37:59","2","960433","841","3"
"81","2024-05-13 02:15:19","3","668482","339","1"
"82","2024-05-19 22:35:48","1","410908","258","2"
"83","2024-01-10 06:46:10","2","138830","615","2"
"84","2024-09-30 11:24:27","1","623756","965","1"
"85","2024-07-17 09:42:44","1","893129","963","2"
"86","2024-03-14 11:29:54","1","929827","198","2"
"87","2024-02-11 07:04:13","1","734914","285","3"
"88","2024-04-22 09:02:48","2","379723","320","3"
"89","2024-11-09 18:56:03","3","663363","150","2"
"90","2023-06-02 01:34:26","1","871778","725","2"
"91","2024-04-19 23:29:38","3","546275","582","1"
"92","2024-04-08 20:33:39","2","540859","6","2"
"93","2023-10-11 11:54:37","3","486884","468","1"
"94","2024-11-11 01:12:32","2","406030","103","3"
"95","2024-10-19 01:09:25","3","702336","526","1"
"96","2023-05-13 22:27:16","1","235530","277","3"
"97","2024-10-18 13:01:57","3","202799","14","3"
"98","2024-08-10 09:28:08","3","767076","322","1"
"99","2024-03-25 09:14:04","2","484237","463","3"
"100","2023-05-20 09:01:28","3","283941","585","1"
"101","2023-11-14 23:27:09","1","947300","335","3"
"102","2024-03-09 12:33:56","2","653722","728","2"
"103","2024-04-10 21:00:20","3","802878","170","1"
"104","2024-10-25 15:33:18","1","659315","311","2"
"105","2023-12-01 16:51:50","2","510735","489","2"
"106","2023-02-26 23:23:43","1","947770","417","1"
"107","2023-08-05 00:26:55","1","120706","364","1"
"108","2023-11-29 02:41:34","3","651096","70","3"
"109","2023-05-11 19:21:33","2","919019","9","2"
"110","2024-04-09 21:58:26","3","119117","793","2"
"111","2023-02-06 19:19:09","2","261817","395","2"
"112","2023-07-27 14:46:58","1","954647","783","2"
"113","2024-12-10 13:43:14","3","362022","151","1"
"114","2024-10-26 13:54:03","2","146539","211","3"
"115","2023-03-30 06:55:01","3","935714","541","1"
"116","2024-04-16 08:34:57","1","939523","30","2"
"117","2024-04-22 02:16:41","3","973967","726","1"
"118","2023-10-18 07:20:10","3","809215","553","1"
"119","2023-09-04 00:24:55","3","741913","523","3"
"120","2024-03-10 03:13:27","1","313672","738","3"
"121","2024-12-29 02:29:26","2","254327","454","2"
"122","2024-06-16 23:48:42","3","679501","74","2"
"123","2024-05-03 13:55:55","2","757484","493","2"
"124","2024-01-27 12:40:27","2","466572","205","3"
"125","2024-11-13 00:15:16","2","552417","431","2"
"126","2024-08-04 03:18:05","3","387616","403","3"
"127","2024-07-03 00:51:02","1","738052","223","3"
"128","2024-04-29 10:24:58","1","140385","332","1"
"129","2023-09-02 09:44:24","2","403087","926","2"
"130","2024-08-28 09:21:02","2","997230","809","1"
"131","2024-04-13 09:11:55","1","647249","59","3"
"132","2023-10-28 13:05:36","3","483361","397","1"
"133","2024-04-19 19:46:22","3","359060","890","3"
"134","2023-11-26 23:52:12","3","143066","834","3"
"135","2024-03-31 18:23:55","3","708993","229","2"
"136","2023-10-02 22:49:02","2","367987","906","1"
"137","2023-03-15 00:14:24","1","294010","251","1"
"138","2023-11-29 10:19:07","2","783348","801","3"
"139","2023-10-03 08:08:51","1","612431","987","1"
"140","2024-12-04 05:09:15","3","658289","514","2"
"141","2023-02-09 09:07:25","2","589835","763","2"
"142","2023-02-20 13:03:27","1","975112","299","1"
"143","2023-06-13 07:32:16","1","662560","444","3"
"144","2023-10-24 01:32:28","3","692173","313","3"
"145","2024-02-16 15:11:06","1","220141","363","2"
"146","2023-01-05 20:08:19","1","144468","971","3"
"147","2023-11-15 11:23:21","1","522472","460","1"
"148","2024-11-18 21:03:57","1","806023","754","1"
"149","2024-08-01 15:50:08","3","186122","797","1"
"150","2023-03-23 00:33:19","2","861675","919","1"
"151","2024-06-14 09:17:42","3","657495","455","2"
"152","2023-07-01 06:19:31","2","467007","708","1"
"153","2024-11-19 17:35:59","2","608916","938","2"
"154","2024-02-16 03:10:51","1","267848","483","3"
"155","2023-10-27 16:11:53","3","340325","912","2"
"156","2024-07-09 15:56:36","2","333562","911","3"
"157","2024-06-26 02:09:01","2","342558","639","3"
"158","2024-09-01 06:57:17","1","751944","396","1"
"159","2024-05-24 10:24:18","2","457988","124","2"
"160","2024-01-22 08:51:56","2","161890","600","2"
"161","2023-10-25 15:37:39","3","755304","705","3"
"162","2024-03-19 07:14:50","3","253181","871","2"
"163","2024-12-28 12:03:33","3","756682","687","1"
"164","2024-06-05 16:55:35","1","737892","102","2"
"165","2023-03-18 15:09:37","2","503136","106","2"
"166","2024-06-13 17:11:56","1","100475","199","1"
"167","2024-04-22 15:38:32","2","895976","135","3"
"168","2024-06-12 01:49:04","1","304131","907","3"
"169","2024-03-28 11:00:47","2","771173","126","3"
"170","2023-08-24 21:57:39","3","768879","163","3"
"171","2024-05-19 02:03:18","1","348434","425","3"
"172","2023-03-06 13:26:57","3","296232","744","2"
"173","2023-11-26 09:28:16","2","766433","71","2"
"174","2024-12-20 01:34:38","1","734783","294","1"
"175","2023-03-26 21:14:19","3","418929","879","3"
"176","2024-10-27 21:08:17","1","658183","248","3"
"177","2023-09-18 04:12:09","3","916620","220","1"
"178","2023-02-04 18:06:21","1","143982","240","2"
"179","2024-06-01 03:15:17","1","722856","817","2"
"180","2023-12-26 17:37:15","3","124745","621","3"
"181","2024-08-19 22:11:25","1","986535","1","3"
"182","2023-07-01 12:51:58","2","647712","135","3"
"183","2023-06-10 09:44:05","3","998513","705","1"
"184","2023-08-25 05:26:26","1","230502","232","1"
"185","2023-12-24 20:14:07","3","359280","164","2"
"186","2023-08-08 04:55:07","2","420157","156","2"
"187","2023-12-05 12:37:48","1","711281","704","2"
"188","2024-12-25 09:09:38","2","499977","126","2"
"189","2024-06-28 22:32:54","3","569666","144","2"
"190","2024-11-09 21:43:39","1","821924","472","1"
"191","2024-02-07 15:50:16","3","421628","88","1"
"192","2023-07-04 12:16:50","2","232787","194","3"
"193","2024-06-27 19:53:01","3","961132","930","1"
"194","2024-07-09 21:14:31","3","284637","584","1"
"195","2023-12-28 17:37:03","1","941744","520","2"
"196","2024-07-12 21:45:21","1","251218","768","1"
"197","2023-03-07 07:06:55","3","398360","386","3"
"198","2023-04-02 10:15:19","3","831785","94","2"
"199","2023-06-10 20:33:06","2","970659","342","3"
"200","2024-12-22 09:26:45","2","242282","748","1"
"201","2023-09-12 04:33:06","3","853852","864","2"
"202","2024-06-10 22:10:14","3","894893","430","2"
"203","2023-09-08 03:17:38","1","745548","399","3"
"204","2023-05-03 04:35:37","3","687845","535","2"
"205","2023-06-13 03:13:28","1","664283","148","3"
"206","2023-12-17 01:29:40","3","433847","705","1"
"207","2024-10-15 09:32:28","2","909241","440","3"
"208","2024-03-17 05:00:28","2","266691","677","2"
"209","2024-01-29 20:31:32","3","883872","592","3"
"210","2023-07-14 14:01:37","3","336286","93","3"
"211","2024-01-17 12:54:21","2","841901","224","3"
"212","2024-09-27 01:51:01","1","820118","192","3"
"213","2024-09-23 03:05:43","3","432616","996","1"
"214","2023-07-17 05:17:46","2","419868","669","2"
"215","2024-11-21 00:15:41","3","155191","427","3"
"216","2024-03-14 11:45:16","2","911927","513","3"
"217","2023-06-09 06:51:09","3","339184","133","3"
"218","2023-07-11 18:36:32","1","126145","333","3"
"219","2023-05-08 15:28:28","3","488749","559","2"
"220","2024-03-03 22:04:52","2","938140","981","3"
"221","2024-11-12 04:37:15","2","807401","434","3"
"222","2023-08-22 13:26:10","2","377130","331","3"
"223","2023-04-15 19:43:33","3","272688","934","2"
"224","2024-06-21 17:37:23","1","654639","182","1"
"225","2024-08-15 09:09:22","1","207992","705","1"
"226","2024-09-16 19:39:58","1","699150","652","3"
"227","2024-11-07 19:45:22","2","559954","86","2"
"228","2024-07-12 19:05:01","2","969960","899","3"
"229","2023-08-01 23:29:13","1","129387","510","3"
"230","2023-04-28 09:10:19","1","836563","477","2"
"231","2023-05-18 19:57:20","3","521754","373","3"
"232","2024-11-28 02:34:19","1","507668","487","3"
"233","2023-03-06 15:16:30","1","303762","332","2"
"234","2024-02-15 20:07:49","1","968913","153","2"
"235","2023-11-07 00:16:25","3","369357","3","1"
"236","2024-09-28 16:50:35","2","868837","22","2"
"237","2024-01-31 01:02:57","2","218598","326","1"
"238","2023-12-17 09:11:06","3","361059","495","1"
"239","2023-11-20 21:33:07","3","700704","194","3"
"240","2024-06-09 06:51:51","3","191376","486","2"
"241","2024-02-21 17:50:21","2","104495","454","1"
"242","2024-11-03 18:13:13","1","912242","746","3"
"243","2023-12-09 17:05:39","3","421702","169","3"
"244","2023-05-13 19:54:25","1","537499","697","2"
"245","2023-05-04 20:13:01","1","205921","979","2"
"246","2023-07-18 16:36:25","3","414785","538","3"
"247","2024-10-07 19:11:37","2","921140","164","1"
"248","2023-04-21 21:53:28","2","618566","860","2"
"249","2023-11-29 20:46:44","3","781039","199","3"
"250","2023-06-14 18:17:12","2","946106","631","2"
"251","2024-09-05 04:47:09","1","371406","701","2"
"252","2023-01-22 22:35:24","2","294762","119","3"
"253","2023-11-20 20:17:48","3","716688","942","1"
"254","2024-08-26 14:45:27","3","698310","253","3"
"255","2023-08-09 22:23:26","2","459514","1","3"
"256","2023-06-19 23:35:11","1","504486","258","1"
"257","2023-02-11 22:04:55","2","814191","342","3"
"258","2023-04-24 13:46:50","2","444518","29","3"
"259","2023-04-09 16:24:07","2","158633","58","1"
"260","2024-01-31 10:08:07","1","906498","549","1"
"261","2023-03-31 10:42:39","2","835381","750","1"
"262","2024-07-12 12:40:13","1","575925","722","1"
"263","2024-02-01 10:18:26","1","278416","363","3"
"264","2023-11-26 10:35:50","2","117797","303","3"
"265","2023-10-11 03:57:41","1","996269","883","1"
"266","2023-03-16 09:06:32","1","873552","297","1"
"267","2023-07-16 13:06:35","1","409568","306","2"
"268","2024-05-06 01:25:10","1","720859","495","2"
"269","2023-10-15 03:26:39","3","271110","982","3"
"270","2024-11-22 08:40:24","3","260342","293","2"
"271","2024-05-22 07:55:43","3","706150","71","2"
"272","2024-10-26 11:11:52","3","952774","212","3"
"273","2024-11-09 11:13:34","3","666555","267","1"
"274","2024-11-10 14:39:03","1","283432","398","1"
"275","2023-05-10 05:48:28","3","904121","463","3"
"276","2023-12-31 19:24:09","1","427508","309","1"
"277","2024-10-20 08:01:14","1","443293","372","3"
"278","2024-04-01 13:34:05","1","477670","353","2"
"279","2024-03-31 09:06:28","1","929834","693","1"
"280","2023-07-17 21:59:39","3","616400","911","2"
"281","2024-07-29 12:22:44","1","521421","240","3"
"282","2024-09-21 15:06:58","2","712420","72","3"
"283","2023-03-11 23:02:49","3","796766","459","3"
"284","2023-12-17 08:06:28","3","968917","442","1"
"285","2023-12-29 19:14:26","1","260848","719","3"
"286","2023-02-24 07:59:34","2","820605","431","2"
"287","2023-12-09 14:11:33","2","793481","418","2"
"288","2024-06-25 05:00:46","1","101882","52","2"
"289","2023-04-14 15:52:25","3","579511","574","1"
"290","2023-03-30 03:41:10","2","659019","909","1"
"291","2023-02-06 03:13:04","2","316664","785","3"
"292","2023-11-09 10:08:44","1","418925","560","1"
"293","2024-06-01 05:06:33","1","701131","483","2"
"294","2023-04-25 07:23:27","3","648251","778","1"
"295","2024-02-02 11:08:02","2","338720","863","1"
"296","2024-05-30 06:17:51","3","588596","804","1"
"297","2024-10-22 16:19:20","1","900448","945","2"
"298","2023-07-19 00:09:56","2","789907","910","2"
"299","2024-09-20 10:42:17","1","698348","5","3"
"300","2024-07-10 18:59:12","3","674711","367","1"
"301","2023-01-14 11:44:51","1","223926","943","2"
"302","2024-09-29 16:25:36","1","929432","395","2"
"303","2023-10-29 05:49:53","2","941558","287","2"
"304","2024-11-27 13:06:52","1","884717","352","2"
"305","2023-11-17 10:19:12","2","162730","640","3"
"306","2023-08-23 16:08:04","2","810508","760","1"
"307","2024-04-19 08:22:29","2","746729","643","2"
"308","2024-04-24 06:47:26","1","652198","490","2"
"309","2024-10-16 10:48:10","2","386206","275","3"
"310","2023-10-14 23:52:50","3","135825","904","1"
"311","2024-07-26 12:57:44","2","788470","14","1"
"312","2024-03-26 06:44:28","3","928636","973","1"
"313","2023-05-01 14:35:10","1","996469","779","3"
"314","2024-01-07 08:02:50","1","908737","679","1"
"315","2023-05-29 19:40:03","2","583516","842","1"
"316","2023-11-19 15:08:35","3","773191","770","2"
"317","2023-02-13 09:43:33","1","448158","492","1"
"318","2023-08-17 11:16:03","3","632532","239","1"
"319","2023-11-11 18:19:46","2","185587","647","1"
"320","2024-04-01 11:09:53","1","885620","992","2"
"321","2023-11-10 00:55:29","2","526819","640","2"
"322","2024-09-24 08:06:28","1","645823","206","1"
"323","2023-09-24 09:45:47","3","948887","733","3"
"324","2023-04-02 17:23:12","3","264733","480","1"
"325","2024-02-22 23:48:03","2","473788","763","1"
"326","2024-03-09 03:49:45","2","910644","554","1"
"327","2024-12-24 15:41:59","3","563204","702","2"
"328","2023-11-09 13:45:27","3","986537","870","1"
"329","2024-09-05 13:03:28","1","563255","406","1"
"330","2024-12-24 22:31:05","1","426619","821","1"
"331","2024-02-22 06:58:44","3","160657","262","1"
"332","2024-10-07 13:24:37","3","228808","652","3"
"333","2024-10-22 11:01:30","2","920744","979","1"
"334","2024-08-01 00:53:22","3","739636","913","1"
"335","2024-01-15 01:44:03","2","165257","28","3"
"336","2023-11-09 14:50:36","3","578793","107","3"
"337","2023-03-13 08:44:54","1","688112","286","2"
"338","2023-01-16 17:38:15","1","904296","573","3"
"339","2023-09-06 20:59:08","2","766575","390","1"
"340","2024-04-06 14:21:27","2","109598","878","2"
"341","2024-05-13 08:06:55","3","476934","67","2"
"342","2024-02-18 06:53:12","3","532982","599","2"
"343","2024-10-25 10:55:18","3","259914","889","3"
"344","2023-03-30 08:32:25","3","986588","74","3"
"345","2024-06-06 01:20:54","2","961211","415","2"
"346","2024-07-02 10:11:00","3","346576","542","2"
"347","2023-11-29 19:01:19","1","825575","185","1"
"348","2023-05-29 22:23:41","1","981862","984","2"
"349","2024-04-30 15:59:28","1","592697","173","1"
"350","2024-08-17 19:59:58","2","406402","51","1"
"351","2023-07-04 11:03:08","3","182267","519","2"
"352","2024-08-14 03:36:56","1","256881","486","2"
"353","2023-01-28 18:40:03","1","945044","209","3"
"354","2024-01-19 18:04:51","3","109520","605","1"
"355","2023-11-19 00:14:42","2","719166","826","3"
"356","2023-08-12 04:24:38","2","908995","740","2"
"357","2024-08-07 23:04:20","2","767662","934","3"
"358","2023-03-23 03:42:18","1","935053","36","3"
"359","2023-12-07 13:21:17","1","404503","794","2"
"360","2024-07-16 06:29:58","3","188054","848","1"
"361","2023-03-23 01:07:14","1","497230","858","1"
"362","2023-03-05 09:53:03","2","448894","113","2"
"363","2023-12-11 13:56:49","1","665367","260","3"
"364","2024-05-24 09:49:59","3","320058","105","3"
"365","2023-09-24 05:04:41","2","244011","711","1"
"366","2024-11-08 17:14:56","2","121649","943","2"
"367","2023-03-22 02:26:17","3","945993","912","1"
"368","2024-06-07 22:31:37","3","211885","249","3"
"369","2023-09-25 12:52:58","1","201104","344","2"
"370","2024-06-05 17:13:15","2","723734","224","3"
"371","2024-06-28 18:00:49","1","156755","256","1"
"372","2024-02-12 22:07:21","2","110614","3","1"
"373","2024-10-04 21:41:03","2","417024","858","2"
"374","2024-08-12 13:39:35","2","377564","427","1"
"375","2024-02-03 01:32:56","1","600154","899","3"
"376","2023-05-05 04:48:45","3","414590","645","1"
"377","2023-11-23 05:35:30","3","187700","114","1"
"378","2023-08-07 21:05:36","1","168405","810","2"
"379","2023-11-27 09:46:41","3","323314","626","3"
"380","2024-10-05 01:07:42","1","936662","387","1"
"381","2023-04-09 17:42:05","3","501263","78","2"
"382","2024-02-21 03:39:43","3","177817","90","3"
"383","2023-04-08 10:16:15","2","147370","255","1"
"384","2024-02-26 19:59:15","3","926018","891","3"
"385","2023-06-26 08:11:12","2","563657","596","1"
"386","2024-03-15 19:37:22","3","965348","485","1"
"387","2023-04-08 12:58:17","3","477594","453","1"
"388","2023-05-05 15:17:36","3","614133","578","2"
"389","2023-02-14 19:23:30","2","828382","356","3"
"390","2023-05-17 08:34:00","1","280456","126","3"
"391","2023-08-15 19:00:21","2","261170","743","1"
"392","2024-05-11 18:26:01","2","394125","847","3"
"393","2024-12-12 13:19:05","3","114293","711","2"
"394","2023-03-31 09:09:55","1","924640","280","2"
"395","2024-11-03 13:49:43","1","907000","371","3"
"396","2024-01-29 15:39:34","1","778188","995","2"
"397","2024-10-04 20:00:11","1","427685","981","1"
"398","2023-09-08 01:56:34","2","188046","723","2"
"399","2023-01-22 21:44:36","3","110642","462","1"
"400","2024-10-09 11:41:50","1","300534","69","2"
"401","2023-03-30 00:48:59","2","126735","650","1"
"402","2023-03-06 19:32:40","1","965639","269","3"
"403","2024-02-19 21:35:40","2","495649","423","3"
"404","2023-08-13 03:56:10","1","673576","865","2"
"405","2024-12-03 23:22:09","1","558189","33","2"
"406","2023-11-08 12:16:56","1","112214","322","2"
"407","2024-12-12 17:38:18","2","979568","608","1"
"408","2024-07-22 18:33:08","3","697208","400","2"
"409","2024-06-11 17:32:32","2","616733","527","1"
"410","2023-03-30 18:32:12","1","142493","208","2"
"411","2024-03-19 07:47:13","3","650554","652","1"
"412","2024-04-08 02:12:13","1","363518","373","3"
"413","2024-07-19 02:23:10","1","271805","192","3"
"414","2024-12-02 00:31:53","3","142274","941","3"
"415","2023-03-17 18:30:43","3","450733","432","1"
"416","2024-05-13 15:25:32","2","433761","236","1"
"417","2023-07-29 13:33:58","1","508756","540","2"
"418","2024-06-28 05:18:24","3","757283","208","3"
"419","2023-12-17 18:18:07","3","666164","229","2"
"420","2024-08-13 22:19:16","2","409199","243","3"
"421","2023-04-13 09:49:41","2","939495","293","2"
"422","2023-12-17 13:00:07","1","539713","571","2"
"423","2024-08-18 03:00:48","1","390499","15","3"
"424","2023-08-07 10:22:09","2","868164","859","1"
"425","2023-09-25 04:07:23","1","615341","301","3"
"426","2023-10-08 01:07:36","3","868182","711","3"
"427","2024-06-20 07:55:29","2","645732","416","1"
"428","2023-10-10 01:19:07","2","874266","169","1"
"429","2023-01-24 12:45:56","3","460844","609","3"
"430","2023-09-05 23:25:53","3","187694","956","1"
"431","2024-10-31 21:27:16","2","565659","485","3"
"432","2024-08-21 05:04:05","3","706528","362","1"
"433","2024-03-04 18:04:15","2","397699","752","1"
"434","2024-05-03 06:38:48","2","101717","631","1"
"435","2023-11-23 08:03:52","3","774216","301","1"
"436","2024-02-08 21:15:31","1","169764","43","3"
"437","2023-11-06 17:10:36","2","159747","909","1"
"438","2024-09-29 00:58:41","1","838925","267","3"
"439","2024-03-16 23:47:11","2","510174","883","3"
"440","2023-09-14 15:57:56","1","336886","134","3"
"441","2024-06-22 07:20:46","3","726993","387","1"
"442","2023-02-16 07:34:29","1","272914","722","3"
"443","2023-07-13 16:36:25","2","603842","909","1"
"444","2024-09-23 13:43:41","2","335452","799","3"
"445","2023-08-20 22:59:37","1","743173","25","2"
"446","2023-05-19 00:20:55","1","875725","449","1"
"447","2023-03-11 19:51:19","3","929638","604","3"
"448","2024-06-29 14:48:10","3","883187","709","1"
"449","2024-12-01 08:10:35","1","724810","716","1"
"450","2023-01-04 18:55:20","2","943395","70","1"
"451","2024-12-11 22:36:46","3","455652","83","1"
"452","2023-09-28 03:04:09","2","587952","847","1"
"453","2023-04-27 15:57:47","1","115259","599","3"
"454","2024-12-02 22:10:43","2","357903","554","3"
"455","2023-04-07 07:17:24","3","501170","971","2"
"456","2023-10-13 22:06:05","2","539231","392","2"
"457","2023-09-25 03:34:48","2","156599","811","1"
"458","2023-09-08 13:20:53","3","640810","359","1"
"459","2024-06-09 23:39:10","2","909322","630","3"
"460","2023-09-07 00:07:38","1","887298","9","2"
"461","2023-02-02 04:11:15","2","948105","170","3"
"462","2023-01-26 17:57:13","3","865676","595","3"
"463","2024-06-28 00:04:03","2","117945","137","3"
"464","2023-05-24 09:53:57","1","635134","846","3"
"465","2024-08-19 23:37:29","1","134442","107","2"
"466","2023-07-25 07:10:39","1","474383","661","1"
"467","2023-10-16 21:34:07","3","451995","243","1"
"468","2024-08-19 02:55:44","1","709133","552","2"
"469","2023-12-24 22:20:38","1","174131","94","1"
"470","2024-11-02 22:50:47","2","376309","106","2"
"471","2023-11-27 16:33:24","3","528950","582","3"
"472","2023-07-06 09:01:17","1","386345","556","3"
"473","2024-06-24 22:36:37","2","554775","842","1"
"474","2023-01-14 23:11:20","2","646581","234","2"
"475","2023-03-12 01:57:58","1","434324","294","2"
"476","2023-01-30 09:15:32","1","372211","119","3"
"477","2024-05-19 04:08:18","3","814397","663","3"
"478","2024-09-21 12:04:33","3","178827","972","1"
"479","2023-10-25 14:48:38","3","311691","910","1"
"480","2023-05-13 19:45:56","3","438768","54","2"
"481","2023-12-14 02:21:24","2","827528","342","2"
"482","2024-03-10 09:21:30","3","118817","366","2"
"483","2024-01-19 14:38:54","2","305624","284","3"
"484","2024-11-07 13:14:49","3","175797","263","3"
"485","2024-03-17 15:44:11","3","250304","73","3"
"486","2023-10-27 00:52:35","3","916494","555","1"
"487","2023-02-17 06:28:35","3","985941","518","2"
"488","2023-05-24 00:51:51","3","727494","519","3"
"489","2023-10-24 16:28:20","3","362335","490","1"
"490","2023-06-11 00:19:27","2","379425","264","2"
"491","2023-12-08 04:59:33","3","672773","366","2"
"492","2023-08-27 07:29:49","1","126892","80","3"
"493","2023-06-06 15:03:35","1","483626","812","1"
"494","2023-01-16 06:39:31","1","775028","905","1"
"495","2024-04-15 05:24:19","3","567236","801","2"
"496","2024-12-20 15:45:34","2","194868","610","2"
"497","2023-11-28 23:35:10","2","111061","444","3"
"498","2024-12-21 18:27:55","1","780273","61","1"
"499","2024-05-01 10:48:10","3","150170","784","1"
"500","2024-08-26 00:31:53","1","667503","705","2"
"501","2023-06-23 03:49:32","1","732852","648","2"
"502","2024-11-16 22:45:32","3","235770","801","2"
"503","2024-02-14 03:36:27","2","465420","717","2"
"504","2024-07-19 21:04:48","3","824848","215","1"
"505","2024-06-11 13:36:12","1","243428","571","2"
"506","2023-11-29 05:46:39","1","653900","493","2"
"507","2023-06-06 14:02:15","1","166484","21","2"
"508","2023-06-20 14:11:50","1","353659","463","2"
"509","2023-06-10 08:28:52","2","905121","368","1"
"510","2024-05-23 03:40:28","2","542543","363","3"
"511","2024-03-02 07:32:13","3","216318","420","3"
"512","2023-12-29 12:05:11","1","887916","505","1"
"513","2023-06-02 19:00:28","3","621438","178","1"
"514","2024-01-09 09:01:07","3","460087","402","3"
"515","2023-08-15 17:04:37","1","907414","494","3"
"516","2023-06-13 22:07:18","3","901097","844","3"
"517","2023-06-09 03:12:02","2","726707","888","1"
"518","2023-09-18 20:21:15","3","243405","393","1"
"519","2024-03-31 05:36:22","1","477213","961","2"
"520","2024-10-03 08:34:17","3","587046","314","2"
"521","2024-07-03 14:12:13","3","140865","683","2"
"522","2023-01-15 23:59:51","3","567895","89","1"
"523","2024-02-24 20:26:55","3","470912","256","2"
"524","2024-07-21 20:22:55","2","791084","705","2"
"525","2024-03-29 01:31:02","3","533529","770","1"
"526","2024-06-20 06:35:40","3","138481","727","3"
"527","2023-12-18 02:40:15","3","130513","909","2"
"528","2023-02-18 01:28:47","2","903940","630","2"
"529","2024-06-17 14:52:38","2","869738","418","2"
"530","2023-06-29 19:27:39","2","811340","926","3"
"531","2024-07-24 21:14:52","1","772170","271","3"
"532","2024-05-23 23:40:47","3","439691","920","2"
"533","2023-05-07 07:05:00","2","727741","406","3"
"534","2024-04-14 00:53:26","3","528249","799","2"
"535","2024-04-01 08:55:13","1","646242","401","3"
"536","2024-03-10 04:14:46","3","607077","521","1"
"537","2023-02-17 10:37:33","3","589722","753","3"
"538","2023-04-24 22:47:29","3","118299","41","2"
"539","2024-07-05 13:42:54","3","624529","981","3"
"540","2023-08-30 17:38:50","2","126231","764","2"
"541","2024-07-02 15:01:52","3","791860","440","2"
"542","2023-10-07 00:13:25","2","584780","587","3"
"543","2023-07-13 01:48:44","3","873849","509","1"
"544","2023-03-02 02:03:18","1","353337","343","2"
"545","2024-03-06 05:12:23","1","486402","996","2"
"546","2024-11-29 01:08:46","2","538949","652","2"
"547","2024-05-27 15:34:08","1","783761","193","3"
"548","2024-04-26 00:06:50","3","396157","836","2"
"549","2024-03-23 01:53:31","2","284075","431","3"
"550","2023-03-26 07:28:59","3","179097","777","2"
"551","2023-07-29 05:39:42","3","387704","19","3"
"552","2023-10-20 11:53:47","3","292603","741","3"
"553","2023-12-06 15:00:23","2","878923","913","3"
"554","2024-07-21 08:36:20","3","907993","534","2"
"555","2023-01-07 14:47:09","3","638630","904","3"
"556","2023-03-30 17:51:34","3","382584","675","3"
"557","2024-02-05 10:01:25","2","542712","868","1"
"558","2023-03-13 08:10:58","1","466345","296","2"
"559","2024-11-19 12:53:05","1","627057","249","1"
"560","2024-06-30 07:31:01","3","604426","571","3"
"561","2024-06-22 06:14:27","3","146614","114","2"
"562","2024-04-23 16:07:33","3","348896","329","1"
"563","2024-10-23 10:34:19","2","205525","274","2"
"564","2023-06-14 14:52:11","3","823571","240","2"
"565","2023-04-03 08:50:17","2","941344","988","2"
"566","2024-12-04 21:35:13","3","270623","750","2"
"567","2024-12-13 10:27:36","1","559954","213","1"
"568","2024-12-06 09:40:28","1","481879","784","3"
"569","2023-04-22 20:06:14","3","668148","709","3"
"570","2023-11-30 14:02:03","3","703802","736","2"
"571","2023-04-24 01:09:05","3","242082","1","1"
"572","2023-08-29 11:05:08","2","705377","698","2"
"573","2023-05-17 02:11:53","2","609536","958","2"
"574","2023-12-31 09:35:40","1","743742","241","1"
"575","2023-05-26 20:49:15","1","315443","958","3"
"576","2023-07-23 19:49:58","1","500477","67","3"
"577","2023-07-30 22:16:49","2","246470","215","3"
"578","2024-06-12 19:36:17","3","579778","341","2"
"579","2024-02-05 05:56:49","1","647192","197","1"
"580","2024-06-01 20:55:21","1","797474","94","3"
"581","2023-09-10 01:16:39","2","792120","546","2"
"582","2024-06-12 18:06:22","2","330632","592","2"
"583","2024-06-02 07:46:48","2","231625","590","1"
"584","2023-06-19 02:48:19","3","522778","176","2"
"585","2023-08-23 19:47:50","1","374321","162","1"
"586","2023-11-23 05:53:05","1","510445","407","1"
"587","2023-09-28 03:36:19","1","769110","913","3"
"588","2024-02-12 13:32:40","1","490806","645","1"
"589","2023-12-20 11:50:45","3","523891","669","1"
"590","2023-04-08 19:31:00","1","385663","86","1"
"591","2023-01-27 18:16:21","2","308918","888","2"
"592","2023-12-30 11:37:02","3","542887","503","1"
"593","2024-01-13 05:11:00","3","111333","357","2"
"594","2024-06-23 09:50:46","1","114679","872","3"
"595","2024-02-06 04:31:40","3","779594","208","3"
"596","2023-03-05 22:58:18","2","966715","199","3"
"597","2024-03-02 12:52:52","2","266105","779","2"
"598","2024-06-15 16:10:55","2","450727","963","2"
"599","2024-04-23 15:11:47","2","221719","76","3"
"600","2023-03-31 12:43:20","3","114976","843","2"
"601","2023-07-25 06:01:26","3","755483","153","3"
"602","2024-10-27 03:51:31","2","730733","991","3"
"603","2024-01-30 18:44:52","3","507339","413","1"
"604","2024-04-05 09:58:31","1","871160","269","2"
"605","2024-05-04 06:28:01","2","667336","596","2"
"606","2024-06-30 10:51:46","1","664913","96","3"
"607","2024-05-31 20:27:33","1","583889","281","3"
"608","2023-11-16 21:16:33","1","784377","170","3"
"609","2023-02-23 02:54:55","2","340866","451","2"
"610","2023-06-25 01:40:37","2","689199","387","3"
"611","2024-03-29 18:59:53","2","688767","680","3"
"612","2024-02-03 10:09:43","2","650843","329","3"
"613","2023-05-18 22:11:04","3","989838","10","1"
"614","2024-12-21 08:19:49","1","100283","793","1"
"615","2024-02-11 05:52:07","1","808737","802","2"
"616","2023-06-19 00:25:44","2","827406","827","3"
"617","2023-11-09 03:15:07","3","866040","257","2"
"618","2024-08-07 23:15:14","1","529385","204","3"
"619","2024-09-16 11:05:03","2","892448","15","3"
"620","2024-02-10 08:44:23","3","239916","27","3"
"621","2024-01-10 23:25:35","1","122800","262","1"
"622","2024-12-19 18:32:59","2","142474","124","1"
"623","2024-01-22 16:30:14","3","909477","683","2"
"624","2023-04-30 16:06:25","2","670795","536","2"
"625","2024-11-07 07:41:19","3","646601","57","1"
"626","2023-06-17 01:31:36","1","401936","920","3"
"627","2023-04-16 01:34:17","1","275583","802","2"
"628","2023-02-08 20:34:33","2","759866","495","1"
"629","2023-10-09 10:31:00","1","657226","408","3"
"630","2024-08-27 00:35:54","3","787634","776","2"
"631","2023-04-25 12:58:06","1","749324","800","3"
"632","2024-10-21 09:12:39","3","909955","404","2"
"633","2023-07-13 23:55:44","2","613020","969","3"
"634","2024-02-18 23:06:05","3","352839","313","3"
"635","2023-04-20 22:14:41","3","244536","797","1"
"636","2023-07-11 11:54:56","1","127687","948","1"
"637","2024-08-29 08:44:27","3","333879","855","3"
"638","2023-10-06 15:10:41","1","157221","63","1"
"639","2023-10-23 23:08:42","3","702844","987","2"
"640","2023-05-09 11:07:39","2","947658","399","1"
"641","2024-08-14 16:37:00","2","701137","904","1"
"642","2024-10-22 12:21:36","1","620166","113","3"
"643","2023-03-18 05:31:56","3","475325","749","1"
"644","2023-08-22 18:09:05","3","762207","589","3"
"645","2024-07-22 19:39:48","3","412256","939","1"
"646","2023-09-11 01:09:02","2","363804","617","1"
"647","2024-01-26 23:55:58","1","622631","966","1"
"648","2024-04-23 16:53:49","3","343122","2","3"
"649","2023-09-11 04:15:32","3","451589","243","2"
"650","2023-03-27 03:14:02","1","612291","360","1"
"651","2024-10-02 01:20:05","3","981603","17","1"
"652","2023-10-23 21:55:19","2","867056","159","2"
"653","2023-01-01 19:41:31","1","530182","899","2"
"654","2024-11-05 22:51:39","3","638407","495","1"
"655","2023-07-19 20:25:02","1","183231","751","2"
"656","2023-11-28 02:15:33","3","664876","282","1"
"657","2024-06-27 14:46:56","2","707219","45","3"
"658","2024-07-11 14:55:17","2","964774","565","2"
"659","2023-05-30 01:38:33","2","414377","903","3"
"660","2023-11-08 18:13:56","1","318557","950","3"
"661","2023-08-25 08:26:03","3","988222","550","2"
"662","2024-01-31 23:58:47","1","993736","836","1"
"663","2024-11-04 05:38:15","1","444296","485","3"
"664","2023-11-26 06:50:31","1","227862","153","2"
"665","2023-03-20 17:22:09","3","668420","186","3"
"666","2023-06-09 10:29:24","3","950960","423","3"
"667","2024-08-05 21:46:05","1","438133","720","2"
"668","2023-02-17 00:07:13","3","635549","978","3"
"669","2023-06-09 19:44:33","2","593959","979","1"
"670","2023-08-27 12:39:30","2","525874","140","3"
"671","2024-08-13 14:18:35","2","477125","403","2"
"672","2023-11-23 23:11:09","2","795849","11","1"
"673","2023-02-28 23:21:13","3","178325","516","1"
"674","2023-04-26 21:56:05","2","642223","870","3"
"675","2023-06-22 13:17:44","2","808184","772","1"
"676","2024-08-02 05:26:47","3","942655","437","1"
"677","2024-06-08 14:12:30","3","852732","249","2"
"678","2024-08-31 07:50:16","3","855171","434","2"
"679","2024-10-25 05:10:21","1","535720","272","3"
"680","2023-03-08 03:18:52","2","560458","40","1"
"681","2024-01-08 22:52:54","3","748222","69","1"
"682","2023-07-07 21:53:15","3","715179","114","1"
"683","2023-12-29 01:12:03","1","935190","966","3"
"684","2023-04-17 04:01:13","2","794200","196","3"
"685","2024-03-25 02:55:43","1","669533","48","1"
"686","2024-06-01 23:39:27","1","981925","415","2"
"687","2023-12-25 05:32:02","1","719527","399","3"
"688","2023-09-14 11:27:15","2","210871","556","3"
"689","2023-04-21 12:52:57","3","211147","652","3"
"690","2024-06-10 23:09:09","3","514346","748","3"
"691","2024-07-26 08:59:31","2","204063","871","3"
"692","2023-11-07 18:48:52","2","211699","878","3"
"693","2024-06-20 00:44:33","2","795623","199","2"
"694","2023-02-10 10:28:07","3","888719","331","2"
"695","2023-04-06 10:05:31","2","387265","783","1"
"696","2023-12-13 08:21:27","2","126623","727","3"
"697","2024-12-03 12:07:24","2","714335","648","1"
"698","2023-02-09 16:34:51","2","589817","511","2"
"699","2024-08-22 03:29:35","1","943340","373","2"
"700","2024-09-03 19:06:33","2","121613","22","1"
"701","2023-05-04 16:26:12","1","846722","609","1"
"702","2023-06-18 11:02:45","2","305283","158","1"
"703","2023-01-19 18:37:55","2","358005","58","3"
"704","2024-01-12 22:05:20","1","426042","928","2"
"705","2023-06-12 23:43:37","1","139767","512","2"
"706","2024-05-04 04:12:34","2","229995","651","3"
"707","2023-02-25 12:47:56","3","220203","654","2"
"708","2024-10-01 23:46:49","1","613168","758","1"
"709","2023-05-14 06:05:51","2","580179","286","1"
"710","2024-11-26 07:00:38","2","376208","326","2"
"711","2023-10-13 10:59:00","3","132459","582","1"
"712","2024-11-04 02:37:09","1","974519","548","3"
"713","2023-04-14 15:20:26","2","103312","226","2"
"714","2024-05-24 20:38:07","1","820937","671","2"
"715","2023-08-23 13:23:39","2","345022","41","1"
"716","2023-02-24 16:18:10","2","532309","681","3"
"717","2024-01-06 07:26:20","2","946704","926","1"
"718","2024-07-26 10:49:55","2","509113","64","1"
"719","2023-02-12 04:26:15","1","953372","817","1"
"720","2023-09-25 03:09:05","1","784683","554","1"
"721","2024-07-29 05:15:17","3","113290","519","1"
"722","2024-08-14 13:33:28","3","325097","707","1"
"723","2023-09-19 06:19:30","3","117535","430","3"
"724","2024-05-08 06:20:19","2","924268","68","1"
"725","2024-06-30 05:10:34","1","895519","175","3"
"726","2023-05-18 18:24:20","1","911226","431","2"
"727","2023-10-05 08:30:21","3","804578","298","3"
"728","2024-07-09 06:05:42","1","247411","984","3"
"729","2023-11-19 16:40:49","3","774495","466","3"
"730","2023-02-28 09:11:16","2","724740","824","3"
"731","2023-05-06 03:38:11","2","592900","219","3"
"732","2023-05-20 00:50:51","1","541263","416","3"
"733","2024-07-14 16:42:38","2","996374","666","3"
"734","2024-05-22 16:17:24","1","755316","373","2"
"735","2024-01-19 09:10:11","1","147451","211","3"
"736","2024-12-23 05:55:05","3","197098","595","3"
"737","2024-07-21 19:51:40","3","530294","948","3"
"738","2024-02-07 05:30:07","1","426822","25","3"
"739","2024-11-25 12:37:21","1","217145","158","3"
"740","2023-05-22 00:41:54","2","291639","741","3"
"741","2023-12-18 06:00:38","2","979528","179","3"
"742","2023-10-22 02:14:17","2","574484","90","2"
"743","2024-01-19 14:35:59","3","346774","897","2"
"744","2023-01-08 19:59:47","2","659733","621","2"
"745","2023-12-30 00:52:56","1","624059","715","2"
"746","2024-10-14 04:34:30","1","379490","305","3"
"747","2023-06-01 19:36:48","2","183807","890","3"
"748","2024-07-29 15:07:55","1","704730","152","2"
"749","2024-07-18 00:16:38","2","512366","29","3"
"750","2023-05-30 04:51:45","3","392669","498","1"
"751","2024-07-06 03:06:56","1","725913","594","1"
"752","2024-03-27 14:36:31","2","150782","750","3"
"753","2023-08-13 12:34:23","3","735351","498","2"
"754","2023-03-30 23:39:30","2","703240","869","2"
"755","2024-06-03 01:52:44","3","164614","627","3"
"756","2023-01-24 13:14:28","1","394467","310","2"
"757","2024-05-17 14:12:31","1","743881","129","3"
"758","2024-06-01 14:42:14","2","834845","165","2"
"759","2024-02-15 15:26:49","1","959113","363","2"
"760","2024-03-23 04:16:06","1","905506","296","2"
"761","2023-03-06 18:14:21","3","938024","241","1"
"762","2023-06-12 22:58:17","3","897460","45","1"
"763","2024-12-15 06:15:37","3","187371","404","3"
"764","2024-06-05 09:39:13","2","423833","127","3"
"765","2023-10-30 20:33:38","2","892086","401","2"
"766","2023-03-16 13:26:03","1","762923","251","2"
"767","2024-09-10 11:40:49","2","222414","102","1"
"768","2024-09-20 23:45:35","1","922268","13","1"
"769","2024-08-08 23:40:02","3","625570","774","3"
"770","2024-09-11 00:31:21","3","150232","915","2"
"771","2023-06-26 06:30:38","1","222172","800","3"
"772","2024-09-21 07:10:59","2","151761","841","1"
"773","2024-09-30 02:55:07","2","958054","219","1"
"774","2024-03-04 22:28:37","3","938506","85","1"
"775","2023-09-23 18:28:25","3","796878","211","3"
"776","2023-05-05 20:03:07","2","299037","864","3"
"777","2024-12-24 01:08:17","2","534372","842","2"
"778","2024-11-26 19:41:31","1","442585","443","2"
"779","2023-05-18 11:14:17","3","168923","325","2"
"780","2023-11-23 04:16:29","2","209702","718","1"
"781","2023-06-22 16:14:20","1","829540","617","2"
"782","2024-01-09 02:42:54","2","134186","294","2"
"783","2023-01-26 17:41:57","1","570491","175","2"
"784","2024-04-10 09:21:04","3","584550","518","2"
"785","2024-05-04 11:00:34","1","536768","965","2"
"786","2023-04-23 13:28:49","2","196883","927","2"
"787","2023-05-11 06:03:13","1","263461","824","1"
"788","2024-09-29 03:51:49","2","146732","614","1"
"789","2024-11-05 00:58:13","3","679608","446","1"
"790","2024-10-13 00:53:41","1","901861","808","3"
"791","2024-10-24 18:35:03","2","902579","45","1"
"792","2024-07-10 14:09:53","3","245047","303","3"
"793","2024-03-21 23:59:32","1","599981","523","3"
"794","2024-06-21 17:00:21","3","412407","479","1"
"795","2023-05-23 18:41:35","2","368401","918","2"
"796","2023-04-03 22:19:22","1","100816","665","2"
"797","2024-02-22 16:54:34","1","744656","944","1"
"798","2024-12-15 19:45:48","3","535767","179","3"
"799","2024-06-24 15:20:03","2","419122","976","2"
"800","2023-09-06 08:19:44","3","711399","590","3"
"801","2023-01-26 10:52:54","1","700261","109","3"
"802","2023-11-25 18:48:19","3","652812","111","1"
"803","2024-07-25 16:33:45","2","395335","147","1"
"804","2024-09-06 17:31:23","3","241837","908","1"
"805","2024-05-28 15:15:12","1","782410","63","2"
"806","2023-07-13 04:58:17","1","630636","550","1"
"807","2024-10-21 15:17:01","1","899580","128","3"
"808","2024-07-31 00:11:36","1","487309","574","3"
"809","2024-06-29 05:57:40","1","900633","242","2"
"810","2023-08-09 19:42:44","1","365064","727","3"
"811","2024-01-09 09:21:26","2","150635","965","3"
"812","2023-01-13 10:29:50","3","178445","838","2"
"813","2023-03-31 09:33:10","1","674382","415","3"
"814","2024-06-09 12:53:46","3","688556","732","1"
"815","2024-03-23 11:36:30","2","946769","756","3"
"816","2023-11-03 17:41:24","3","874691","964","1"
"817","2024-12-07 05:28:47","3","570135","546","3"
"818","2023-06-02 15:18:03","1","591155","354","1"
"819","2023-02-19 00:05:00","2","565819","472","1"
"820","2023-11-05 17:33:07","3","775107","292","3"
"821","2023-08-05 09:08:44","1","794874","971","2"
"822","2023-09-27 14:14:47","3","441633","830","3"
"823","2024-09-10 08:11:56","3","576445","590","1"
"824","2024-08-07 13:31:30","2","220061","803","2"
"825","2024-12-10 18:58:48","3","983284","756","2"
"826","2024-04-27 03:37:09","3","893816","314","1"
"827","2023-09-30 18:06:54","2","777797","323","3"
"828","2024-08-12 15:54:21","1","555046","482","1"
"829","2023-03-22 22:19:36","3","925524","39","3"
"830","2024-02-20 04:55:58","2","700457","178","2"
"831","2023-09-11 13:09:29","1","741836","322","2"
"832","2023-06-16 16:12:16","3","728648","314","2"
"833","2023-08-12 21:42:29","1","474881","396","2"
"834","2024-03-06 19:11:06","1","653784","69","3"
"835","2023-04-03 08:07:39","2","513796","437","3"
"836","2024-12-19 09:02:19","2","943219","644","1"
"837","2024-09-17 22:22:10","1","451855","505","3"
"838","2024-08-03 12:14:54","3","509677","531","2"
"839","2023-02-25 09:29:21","3","810837","11","3"
"840","2023-03-21 14:30:12","3","143148","971","2"
"841","2023-06-05 00:03:31","2","572614","619","1"
"842","2024-05-08 07:11:48","3","942026","884","1"
"843","2024-03-31 12:51:57","3","667089","909","3"
"844","2023-09-26 15:26:07","3","238150","470","2"
"845","2023-10-13 00:42:42","1","492768","569","2"
"846","2023-12-25 06:49:37","3","210425","179","3"
"847","2024-12-03 11:14:07","2","199029","545","1"
"848","2023-08-10 06:17:03","2","823686","737","3"
"849","2024-12-01 09:28:27","3","354416","647","3"
"850","2024-01-06 12:44:49","2","615919","733","1"
"851","2023-03-08 14:42:25","2","927016","986","2"
"852","2024-08-02 23:18:55","3","808974","100","3"
"853","2024-02-08 14:32:28","1","497328","608","2"
"854","2024-05-30 23:03:16","3","817992","897","2"
"855","2024-11-13 03:28:53","3","425014","244","3"
"856","2024-10-21 00:32:10","3","853284","564","3"
"857","2023-11-22 19:47:41","3","266100","838","2"
"858","2024-07-06 03:23:44","3","920336","618","2"
"859","2023-08-08 14:51:23","3","506952","725","2"
"860","2023-10-31 01:48:38","1","286339","678","1"
"861","2024-10-15 01:13:59","1","464328","735","1"
"862","2024-10-06 18:34:01","3","998367","901","3"
"863","2024-05-10 15:09:16","3","930910","547","2"
"864","2023-06-30 16:15:14","3","774432","78","2"
"865","2023-09-07 16:00:23","2","831762","712","1"
"866","2023-12-05 21:17:46","2","117579","749","1"
"867","2023-04-26 17:17:15","1","155600","867","2"
"868","2023-01-06 02:28:13","3","277283","277","3"
"869","2024-04-04 19:45:08","1","828903","365","1"
"870","2023-11-29 07:35:14","1","916922","675","2"
"871","2023-11-12 00:04:57","3","133787","535","2"
"872","2023-05-27 13:43:47","2","191429","864","1"
"873","2023-11-14 18:18:11","2","763145","61","3"
"874","2023-07-12 03:23:01","2","194062","224","3"
"875","2024-12-10 15:28:19","1","261050","64","1"
"876","2023-01-24 01:33:21","1","722747","789","1"
"877","2023-04-25 10:34:06","2","338039","438","2"
"878","2024-09-09 10:24:59","3","109622","702","2"
"879","2023-05-13 23:35:21","3","820228","431","3"
"880","2024-11-06 09:11:06","1","323217","698","2"
"881","2023-02-27 18:50:30","1","284030","196","2"
"882","2023-09-22 20:21:06","3","580426","315","1"
"883","2023-02-16 22:32:15","3","694095","282","2"
"884","2023-10-22 19:19:38","1","228488","478","1"
"885","2024-07-11 05:13:24","1","894540","914","1"
"886","2024-07-09 17:45:24","3","521414","499","3"
"887","2024-01-25 08:06:19","2","429086","650","3"
"888","2024-10-03 19:04:42","3","189062","312","3"
"889","2024-01-29 01:08:31","1","227542","463","2"
"890","2024-02-24 04:43:54","1","708681","531","2"
"891","2024-05-09 20:08:42","1","264587","209","1"
"892","2024-08-21 08:07:03","1","302602","673","1"
"893","2024-11-26 19:05:03","1","471639","50","2"
"894","2024-10-20 19:21:49","3","833040","781","2"
"895","2023-12-02 12:41:32","1","676313","607","2"
"896","2024-05-14 13:24:28","2","341323","393","3"
"897","2024-01-28 12:16:11","3","636253","239","1"
"898","2024-06-05 05:47:47","1","320152","719","1"
"899","2024-12-19 14:56:05","2","173503","988","2"
"900","2024-10-29 15:47:54","2","560665","762","3"
"901","2023-10-22 18:17:27","3","822795","413","1"
"902","2023-09-26 17:25:43","2","454849","490","2"
"903","2023-08-17 02:13:09","3","469404","769","1"
"904","2023-01-30 05:25:52","1","996254","655","2"
"905","2023-04-27 17:35:25","2","806277","426","3"
"906","2024-07-23 14:05:38","1","694663","403","2"
"907","2023-03-30 14:16:34","1","433403","282","3"
"908","2023-10-28 20:25:56","2","702565","655","3"
"909","2024-02-21 09:28:39","2","549446","992","3"
"910","2024-08-14 15:37:12","1","992001","620","1"
"911","2024-06-17 00:40:36","3","493011","19","2"
"912","2023-12-14 07:01:33","3","972971","469","2"
"913","2024-07-17 07:17:17","2","593001","742","3"
"914","2024-09-02 09:15:00","2","351030","465","2"
"915","2023-11-17 17:41:29","1","806870","363","1"
"916","2023-01-14 01:57:00","2","139486","792","3"
"917","2023-03-24 22:58:13","2","933763","93","3"
"918","2023-07-03 20:14:38","2","436874","489","3"
"919","2023-08-29 23:33:16","3","418189","628","1"
"920","2023-12-12 18:09:44","3","332980","458","2"
"921","2023-01-10 01:24:54","3","891159","963","1"
"922","2024-05-01 04:07:10","3","751591","533","3"
"923","2023-08-17 01:27:35","2","934257","334","3"
"924","2023-08-20 13:53:40","3","722122","83","3"
"925","2024-12-30 05:01:52","1","751022","71","1"
"926","2024-07-15 09:18:46","3","944643","659","1"
"927","2023-11-16 22:51:30","2","897076","994","3"
"928","2024-12-30 02:48:41","3","659521","273","1"
"929","2023-09-30 00:43:53","1","353768","195","1"
"930","2024-10-28 05:12:16","3","599234","762","2"
"931","2023-01-31 11:44:33","2","469596","873","1"
"932","2023-04-11 14:44:03","3","363593","322","3"
"933","2024-04-01 23:29:39","2","639006","976","3"
"934","2024-03-22 23:25:20","3","636894","966","2"
"935","2024-09-03 00:47:12","1","986235","807","2"
"936","2024-04-02 10:29:39","1","740629","219","3"
"937","2024-12-29 22:27:28","3","605504","954","2"
"938","2023-10-23 07:54:18","2","681965","268","2"
"939","2024-06-05 19:46:58","1","667853","626","3"
"940","2024-01-28 01:26:27","2","998292","237","2"
"941","2024-03-16 19:39:08","2","532841","144","1"
"942","2024-02-13 12:52:15","2","893405","809","1"
"943","2023-08-16 01:57:17","3","286612","93","1"
"944","2023-02-21 13:45:31","3","815473","388","1"
"945","2024-05-07 17:26:16","2","933106","376","3"
"946","2023-10-14 04:14:39","1","578536","267","2"
"947","2024-10-01 05:39:44","1","510434","378","2"
"948","2023-06-01 07:12:48","3","650233","251","2"
"949","2024-10-10 05:24:03","3","388769","19","1"
"950","2023-05-16 04:06:44","2","865928","769","1"
"951","2023-05-01 01:31:51","1","984038","174","3"
"952","2024-10-14 08:56:27","2","413607","8","1"
"953","2024-03-07 17:01:17","3","679135","216","2"
"954","2024-11-11 05:42:48","1","281122","385","2"
"955","2023-08-19 09:20:41","1","290188","724","2"
"956","2023-04-08 02:34:02","1","274781","601","3"
"957","2024-03-29 22:57:46","3","456568","346","2"
"958","2024-03-19 22:46:19","3","970171","383","3"
"959","2023-12-07 03:02:19","2","997442","275","3"
"960","2024-03-04 20:42:20","1","706700","671","2"
"961","2023-09-24 23:05:06","3","738760","822","2"
"962","2023-11-14 10:00:46","1","681766","428","2"
"963","2023-02-24 16:49:41","2","417470","94","3"
"964","2024-03-26 18:13:19","3","971275","114","3"
"965","2024-12-09 10:54:46","2","198515","93","2"
"966","2023-10-13 07:19:32","1","572026","297","2"
"967","2023-12-26 14:29:13","2","925261","593","1"
"968","2023-11-16 11:00:15","2","403837","515","1"
"969","2024-01-27 22:53:07","3","316121","716","2"
"970","2023-08-16 19:58:59","3","768978","176","2"
"971","2023-12-09 15:31:26","1","575776","983","2"
"972","2024-05-09 01:34:22","3","995071","957","3"
"973","2023-10-27 21:37:34","2","282636","138","1"
"974","2023-07-28 00:29:17","1","733763","495","1"
"975","2024-11-18 13:35:39","3","775083","41","1"
"976","2023-07-14 05:41:25","3","761468","137","3"
"977","2023-08-16 10:15:30","2","546463","990","3"
"978","2023-04-25 01:04:45","2","768599","388","2"
"979","2024-01-23 02:14:35","1","433336","710","1"
"980","2023-12-25 07:33:45","1","302523","474","1"
"981","2023-02-14 17:32:17","2","553266","203","2"
"982","2023-02-01 10:35:31","1","543286","755","1"
"983","2024-06-08 05:51:36","3","909316","266","3"
"984","2024-01-28 08:56:42","2","634847","468","2"
"985","2023-08-25 22:39:36","2","786550","150","3"
"986","2024-06-11 05:16:00","1","286987","859","3"
"987","2023-10-24 06:54:36","1","103143","536","2"
"988","2024-01-29 04:52:19","1","789825","781","1"
"989","2023-03-03 03:25:14","3","512596","323","3"
"990","2024-02-08 21:36:58","2","453004","409","1"
"991","2023-08-31 12:35:54","3","367991","614","2"
"992","2024-08-12 03:21:59","2","364899","392","3"
"993","2024-01-27 06:42:27","2","734918","670","2"
"994","2023-08-04 08:24:55","1","125452","273","2"
"995","2023-12-17 16:39:33","2","257143","768","1"
"996","2023-12-20 13:51:26","3","764563","860","3"
"997","2023-12-18 06:19:20","2","996670","108","1"
"998","2023-09-20 02:29:44","3","437658","173","2"
"999","2024-06-01 15:24:41","2","334177","606","3"
"1000","2024-11-29 23:48:49","3","576872","83","3"
