Id_Sesion,Id_Empleado,Fecha_Hora_Inicio,Fecha_Hora_Final,Direccion_IP,Id_estado_sesion,Id_acceso,t_inactividad
1,1,2024-01-01 05:46:53,2024-01-01 08:46:53,192.168.0.8,1,2,23 minutes
2,2,2024-01-01 18:50:48,2024-01-01 19:50:48,192.168.0.63,1,1,29 minutes
3,3,2024-01-01 08:08:37,2024-01-01 13:08:37,192.168.0.120,1,3,5 minutes
4,4,2024-01-01 06:16:16,2024-01-01 09:16:16,192.168.0.182,2,2,36 minutes
5,5,2024-01-01 17:19:40,2024-01-01 18:19:40,192.168.0.33,2,2,39 minutes
6,6,2024-01-01 11:16:48,2024-01-01 16:16:48,192.168.0.97,2,2,5 minutes
7,7,2024-01-01 08:08:28,2024-01-01 12:08:28,192.168.0.218,2,2,45 minutes
8,8,2024-01-01 09:06:39,2024-01-01 11:06:39,192.168.0.246,1,1,41 minutes
9,9,2024-01-01 20:26:34,2024-01-01 23:26:34,192.168.0.2,2,1,20 minutes
10,10,2024-01-01 08:37:37,2024-01-01 11:37:37,192.168.0.137,2,2,52 minutes
11,11,2024-01-01 10:01:18,2024-01-01 13:01:18,192.168.0.203,1,2,7 minutes
12,12,2024-01-01 11:34:59,2024-01-01 12:34:59,192.168.0.50,2,2,8 minutes
13,13,2024-01-01 01:10:00,2024-01-01 05:10:00,192.168.0.203,2,1,6 minutes
14,14,2024-01-01 06:44:49,2024-01-01 11:44:49,192.168.0.41,2,3,50 minutes
15,15,2024-01-01 14:22:44,2024-01-01 15:22:44,192.168.0.213,1,1,26 minutes
16,16,2024-01-01 12:47:01,2024-01-01 17:47:01,192.168.0.184,2,3,59 minutes
17,17,2024-01-01 23:50:20,2024-01-02 00:50:20,192.168.0.120,2,2,19 minutes
18,18,2024-01-01 10:42:41,2024-01-01 11:42:41,192.168.0.13,1,1,23 minutes
19,19,2024-01-01 17:57:51,2024-01-01 20:57:51,192.168.0.241,1,2,57 minutes
20,20,2024-01-01 07:43:32,2024-01-01 09:43:32,192.168.0.134,1,3,28 minutes
21,21,2024-01-01 07:39:49,2024-01-01 09:39:49,192.168.0.16,2,3,59 minutes
22,22,2024-01-01 07:04:02,2024-01-01 10:04:02,192.168.0.215,2,1,15 minutes
23,23,2024-01-01 17:54:10,2024-01-01 21:54:10,192.168.0.136,2,3,13 minutes
24,24,2024-01-01 03:52:56,2024-01-01 05:52:56,192.168.0.210,2,3,35 minutes
25,25,2024-01-01 09:55:56,2024-01-01 10:55:56,192.168.0.219,1,3,5 minutes
26,26,2024-01-01 20:29:23,2024-01-01 21:29:23,192.168.0.102,1,1,22 minutes
27,27,2024-01-01 12:38:27,2024-01-01 16:38:27,192.168.0.155,2,3,40 minutes
28,28,2024-01-01 05:41:24,2024-01-01 08:41:24,192.168.0.116,1,2,51 minutes
29,29,2024-01-01 07:17:58,2024-01-01 10:17:58,192.168.0.125,1,1,40 minutes
30,30,2024-01-01 17:03:19,2024-01-01 22:03:19,192.168.0.154,1,3,10 minutes
31,31,2024-01-01 05:51:02,2024-01-01 06:51:02,192.168.0.65,2,2,10 minutes
32,32,2024-01-01 21:21:50,2024-01-02 01:21:50,192.168.0.152,1,2,55 minutes
33,33,2024-01-01 23:14:51,2024-01-02 00:14:51,192.168.0.245,2,3,45 minutes
34,34,2024-01-01 22:26:09,2024-01-01 23:26:09,192.168.0.150,2,2,14 minutes
35,35,2024-01-01 09:40:02,2024-01-01 11:40:02,192.168.0.2,1,2,54 minutes
36,36,2024-01-01 22:51:21,2024-01-02 01:51:21,192.168.0.221,2,2,35 minutes
37,37,2024-01-01 18:07:46,2024-01-01 22:07:46,192.168.0.43,2,2,23 minutes
38,38,2024-01-01 06:33:53,2024-01-01 11:33:53,192.168.0.190,1,3,55 minutes
39,39,2024-01-01 01:58:35,2024-01-01 02:58:35,192.168.0.217,1,3,6 minutes
40,40,2024-01-01 13:03:51,2024-01-01 14:03:51,192.168.0.142,1,1,16 minutes
41,41,2024-01-01 00:40:39,2024-01-01 05:40:39,192.168.0.190,1,1,40 minutes
42,42,2024-01-01 00:15:53,2024-01-01 03:15:53,192.168.0.161,2,1,38 minutes
43,43,2024-01-01 00:39:38,2024-01-01 01:39:38,192.168.0.159,2,1,19 minutes
44,44,2024-01-01 18:35:24,2024-01-01 23:35:24,192.168.0.245,2,2,16 minutes
45,45,2024-01-01 01:11:12,2024-01-01 02:11:12,192.168.0.67,1,2,59 minutes
46,46,2024-01-01 13:24:56,2024-01-01 17:24:56,192.168.0.75,2,1,22 minutes
47,47,2024-01-01 13:48:26,2024-01-01 17:48:26,192.168.0.3,2,3,44 minutes
48,48,2024-01-01 07:24:21,2024-01-01 09:24:21,192.168.0.86,2,1,36 minutes
49,49,2024-01-01 22:59:12,2024-01-02 03:59:12,192.168.0.234,1,1,55 minutes
50,50,2024-01-01 20:49:22,2024-01-01 23:49:22,192.168.0.36,2,3,46 minutes
51,51,2024-01-01 17:52:27,2024-01-01 19:52:27,192.168.0.175,2,2,57 minutes
52,52,2024-01-01 09:34:08,2024-01-01 11:34:08,192.168.0.9,1,3,49 minutes
53,53,2024-01-01 14:27:12,2024-01-01 15:27:12,192.168.0.135,1,2,50 minutes
54,54,2024-01-01 19:09:35,2024-01-01 20:09:35,192.168.0.55,1,2,24 minutes
55,55,2024-01-01 04:18:12,2024-01-01 08:18:12,192.168.0.176,2,3,4 minutes
56,56,2024-01-01 11:01:44,2024-01-01 15:01:44,192.168.0.204,1,2,19 minutes
57,57,2024-01-01 10:30:24,2024-01-01 11:30:24,192.168.0.219,1,3,33 minutes
58,58,2024-01-01 15:06:12,2024-01-01 18:06:12,192.168.0.109,2,2,2 minutes
59,59,2024-01-01 13:33:59,2024-01-01 15:33:59,192.168.0.162,1,3,15 minutes
60,60,2024-01-01 18:21:36,2024-01-01 22:21:36,192.168.0.64,2,2,16 minutes
61,61,2024-01-01 13:52:57,2024-01-01 18:52:57,192.168.0.213,2,1,23 minutes
62,62,2024-01-01 17:46:48,2024-01-01 21:46:48,192.168.0.121,2,3,45 minutes
63,63,2024-01-01 08:16:39,2024-01-01 09:16:39,192.168.0.216,1,2,38 minutes
64,64,2024-01-01 06:46:05,2024-01-01 11:46:05,192.168.0.21,1,2,49 minutes
65,65,2024-01-01 03:22:28,2024-01-01 08:22:28,192.168.0.169,1,3,27 minutes
66,66,2024-01-01 04:06:47,2024-01-01 09:06:47,192.168.0.140,2,1,26 minutes
67,67,2024-01-01 11:12:39,2024-01-01 12:12:39,192.168.0.212,1,3,31 minutes
68,68,2024-01-01 08:53:21,2024-01-01 09:53:21,192.168.0.125,2,1,53 minutes
69,69,2024-01-01 21:00:31,2024-01-01 23:00:31,192.168.0.182,2,1,6 minutes
70,70,2024-01-01 19:18:52,2024-01-01 23:18:52,192.168.0.254,1,1,47 minutes
71,71,2024-01-01 06:56:53,2024-01-01 10:56:53,192.168.0.24,1,2,2 minutes
72,72,2024-01-01 05:03:39,2024-01-01 10:03:39,192.168.0.179,2,1,21 minutes
73,73,2024-01-01 14:15:52,2024-01-01 18:15:52,192.168.0.175,2,2,34 minutes
74,74,2024-01-01 05:32:11,2024-01-01 09:32:11,192.168.0.56,2,2,45 minutes
75,75,2024-01-01 20:41:25,2024-01-01 23:41:25,192.168.0.141,2,2,24 minutes
76,76,2024-01-01 21:59:35,2024-01-02 01:59:35,192.168.0.199,1,2,44 minutes
77,77,2024-01-01 09:04:36,2024-01-01 11:04:36,192.168.0.221,2,3,1 minutes
78,78,2024-01-01 21:00:04,2024-01-02 01:00:04,192.168.0.228,1,1,57 minutes
79,79,2024-01-01 16:05:39,2024-01-01 21:05:39,192.168.0.222,2,1,25 minutes
80,80,2024-01-01 23:13:51,2024-01-02 02:13:51,192.168.0.232,2,3,56 minutes
81,81,2024-01-01 09:44:49,2024-01-01 10:44:49,192.168.0.141,2,2,49 minutes
82,82,2024-01-01 06:45:16,2024-01-01 07:45:16,192.168.0.79,1,1,4 minutes
83,83,2024-01-01 02:18:18,2024-01-01 05:18:18,192.168.0.214,2,1,13 minutes
84,84,2024-01-01 21:18:01,2024-01-01 22:18:01,192.168.0.94,2,1,17 minutes
85,85,2024-01-01 19:55:06,2024-01-01 20:55:06,192.168.0.66,2,1,47 minutes
86,86,2024-01-01 13:03:39,2024-01-01 15:03:39,192.168.0.244,2,2,5 minutes
87,87,2024-01-01 19:31:36,2024-01-01 21:31:36,192.168.0.44,1,1,51 minutes
88,88,2024-01-01 17:45:09,2024-01-01 20:45:09,192.168.0.168,1,2,17 minutes
89,89,2024-01-01 22:23:47,2024-01-02 00:23:47,192.168.0.5,2,2,55 minutes
90,90,2024-01-01 08:16:01,2024-01-01 12:16:01,192.168.0.152,2,3,17 minutes
91,91,2024-01-01 15:36:46,2024-01-01 16:36:46,192.168.0.209,1,2,15 minutes
92,92,2024-01-01 22:35:16,2024-01-02 01:35:16,192.168.0.53,2,3,4 minutes
93,93,2024-01-01 08:33:14,2024-01-01 10:33:14,192.168.0.138,2,1,18 minutes
94,94,2024-01-01 03:52:36,2024-01-01 05:52:36,192.168.0.155,1,3,2 minutes
95,95,2024-01-01 03:47:14,2024-01-01 04:47:14,192.168.0.28,1,1,42 minutes
96,96,2024-01-01 20:14:16,2024-01-01 22:14:16,192.168.0.48,2,3,7 minutes
97,97,2024-01-01 05:42:42,2024-01-01 10:42:42,192.168.0.3,2,2,23 minutes
98,98,2024-01-01 01:46:07,2024-01-01 05:46:07,192.168.0.161,2,3,47 minutes
99,99,2024-01-01 20:13:17,2024-01-01 22:13:17,192.168.0.20,2,2,4 minutes
100,100,2024-01-01 13:27:02,2024-01-01 14:27:02,192.168.0.167,1,3,9 minutes
101,101,2024-01-01 09:41:40,2024-01-01 14:41:40,192.168.0.175,1,2,53 minutes
102,102,2024-01-01 04:31:03,2024-01-01 09:31:03,192.168.0.174,1,1,3 minutes
103,103,2024-01-01 12:48:14,2024-01-01 17:48:14,192.168.0.60,1,3,43 minutes
104,104,2024-01-01 11:36:22,2024-01-01 13:36:22,192.168.0.42,1,3,39 minutes
105,105,2024-01-01 20:59:35,2024-01-01 21:59:35,192.168.0.144,2,2,47 minutes
106,106,2024-01-01 09:57:19,2024-01-01 11:57:19,192.168.0.2,1,1,13 minutes
107,107,2024-01-01 10:38:05,2024-01-01 15:38:05,192.168.0.237,1,3,39 minutes
108,108,2024-01-01 01:19:05,2024-01-01 05:19:05,192.168.0.215,2,2,45 minutes
109,109,2024-01-01 05:42:04,2024-01-01 09:42:04,192.168.0.129,2,3,24 minutes
110,110,2024-01-01 10:40:52,2024-01-01 13:40:52,192.168.0.38,1,3,11 minutes
111,111,2024-01-01 00:43:29,2024-01-01 01:43:29,192.168.0.102,2,2,57 minutes
112,112,2024-01-01 19:03:18,2024-01-02 00:03:18,192.168.0.150,2,1,29 minutes
113,113,2024-01-01 22:10:24,2024-01-02 01:10:24,192.168.0.185,1,2,25 minutes
114,114,2024-01-01 12:39:21,2024-01-01 14:39:21,192.168.0.52,2,3,60 minutes
115,115,2024-01-01 10:12:30,2024-01-01 14:12:30,192.168.0.236,2,2,35 minutes
116,116,2024-01-01 11:02:26,2024-01-01 16:02:26,192.168.0.173,1,3,17 minutes
117,117,2024-01-01 00:35:02,2024-01-01 02:35:02,192.168.0.146,2,3,8 minutes
118,118,2024-01-01 10:29:51,2024-01-01 13:29:51,192.168.0.15,1,2,6 minutes
119,119,2024-01-01 22:53:56,2024-01-02 03:53:56,192.168.0.203,2,3,29 minutes
120,120,2024-01-01 05:53:24,2024-01-01 06:53:24,192.168.0.69,1,2,43 minutes
121,121,2024-01-01 06:02:02,2024-01-01 09:02:02,192.168.0.221,2,3,24 minutes
122,122,2024-01-01 05:27:12,2024-01-01 10:27:12,192.168.0.204,2,1,3 minutes
123,123,2024-01-01 04:45:41,2024-01-01 05:45:41,192.168.0.120,1,2,22 minutes
124,124,2024-01-01 16:53:38,2024-01-01 21:53:38,192.168.0.235,2,3,27 minutes
125,125,2024-01-01 17:08:59,2024-01-01 20:08:59,192.168.0.127,1,3,9 minutes
126,126,2024-01-01 08:18:20,2024-01-01 13:18:20,192.168.0.228,2,3,55 minutes
127,127,2024-01-01 03:27:57,2024-01-01 08:27:57,192.168.0.176,2,2,40 minutes
128,128,2024-01-01 22:59:19,2024-01-02 01:59:19,192.168.0.35,2,2,57 minutes
129,129,2024-01-01 07:25:18,2024-01-01 11:25:18,192.168.0.39,1,1,35 minutes
130,130,2024-01-01 06:18:21,2024-01-01 10:18:21,192.168.0.182,2,2,28 minutes
131,131,2024-01-01 08:30:22,2024-01-01 13:30:22,192.168.0.136,1,3,29 minutes
132,132,2024-01-01 01:00:09,2024-01-01 06:00:09,192.168.0.10,1,2,54 minutes
133,133,2024-01-01 09:10:35,2024-01-01 11:10:35,192.168.0.173,2,2,60 minutes
134,134,2024-01-01 14:38:48,2024-01-01 17:38:48,192.168.0.18,2,1,41 minutes
135,135,2024-01-01 03:37:18,2024-01-01 04:37:18,192.168.0.232,2,3,43 minutes
136,136,2024-01-01 00:46:51,2024-01-01 02:46:51,192.168.0.145,1,3,60 minutes
137,137,2024-01-01 17:39:51,2024-01-01 19:39:51,192.168.0.8,1,2,26 minutes
138,138,2024-01-01 02:27:35,2024-01-01 07:27:35,192.168.0.154,1,3,10 minutes
139,139,2024-01-01 02:56:34,2024-01-01 04:56:34,192.168.0.177,2,2,55 minutes
140,140,2024-01-01 06:37:21,2024-01-01 10:37:21,192.168.0.87,1,1,50 minutes
141,141,2024-01-01 09:37:29,2024-01-01 11:37:29,192.168.0.61,2,2,7 minutes
142,142,2024-01-01 22:25:06,2024-01-02 00:25:06,192.168.0.165,1,3,16 minutes
143,143,2024-01-01 15:00:18,2024-01-01 20:00:18,192.168.0.234,2,1,51 minutes
144,144,2024-01-01 03:01:44,2024-01-01 05:01:44,192.168.0.230,1,2,49 minutes
145,145,2024-01-01 11:24:39,2024-01-01 15:24:39,192.168.0.34,1,2,35 minutes
146,146,2024-01-01 00:02:19,2024-01-01 05:02:19,192.168.0.202,2,3,45 minutes
147,147,2024-01-01 18:59:06,2024-01-01 19:59:06,192.168.0.51,2,2,2 minutes
148,148,2024-01-01 15:08:58,2024-01-01 19:08:58,192.168.0.148,1,2,10 minutes
149,149,2024-01-01 09:07:21,2024-01-01 10:07:21,192.168.0.193,2,2,5 minutes
150,150,2024-01-01 07:12:40,2024-01-01 12:12:40,192.168.0.226,2,3,1 minutes
151,151,2024-01-01 04:19:28,2024-01-01 07:19:28,192.168.0.91,1,1,41 minutes
152,152,2024-01-01 11:51:34,2024-01-01 14:51:34,192.168.0.125,2,2,46 minutes
153,153,2024-01-01 00:28:48,2024-01-01 04:28:48,192.168.0.138,2,2,60 minutes
154,154,2024-01-01 05:23:05,2024-01-01 08:23:05,192.168.0.145,1,3,29 minutes
155,155,2024-01-01 10:33:54,2024-01-01 13:33:54,192.168.0.20,1,1,51 minutes
156,156,2024-01-01 22:21:29,2024-01-02 02:21:29,192.168.0.197,2,3,51 minutes
157,157,2024-01-01 08:06:36,2024-01-01 10:06:36,192.168.0.64,2,3,25 minutes
158,158,2024-01-01 19:50:35,2024-01-01 20:50:35,192.168.0.120,1,3,43 minutes
159,159,2024-01-01 06:19:20,2024-01-01 09:19:20,192.168.0.201,1,3,56 minutes
160,160,2024-01-01 06:49:29,2024-01-01 09:49:29,192.168.0.214,1,2,60 minutes
161,161,2024-01-01 06:31:50,2024-01-01 07:31:50,192.168.0.79,1,3,41 minutes
162,162,2024-01-01 18:11:22,2024-01-01 23:11:22,192.168.0.127,1,3,3 minutes
163,163,2024-01-01 08:43:57,2024-01-01 10:43:57,192.168.0.83,1,2,34 minutes
164,164,2024-01-01 01:08:58,2024-01-01 04:08:58,192.168.0.182,1,1,21 minutes
165,165,2024-01-01 00:29:00,2024-01-01 02:29:00,192.168.0.132,1,1,8 minutes
166,166,2024-01-01 00:08:04,2024-01-01 01:08:04,192.168.0.219,2,3,29 minutes
167,167,2024-01-01 20:35:27,2024-01-01 22:35:27,192.168.0.100,1,3,2 minutes
168,168,2024-01-01 13:55:47,2024-01-01 17:55:47,192.168.0.143,1,2,57 minutes
169,169,2024-01-01 21:30:40,2024-01-02 02:30:40,192.168.0.202,2,3,35 minutes
170,170,2024-01-01 09:43:04,2024-01-01 11:43:04,192.168.0.190,1,1,24 minutes
171,171,2024-01-01 16:07:53,2024-01-01 17:07:53,192.168.0.108,1,3,55 minutes
172,172,2024-01-01 20:49:58,2024-01-02 00:49:58,192.168.0.132,1,2,27 minutes
173,173,2024-01-01 05:01:43,2024-01-01 10:01:43,192.168.0.104,2,3,5 minutes
174,174,2024-01-01 18:12:58,2024-01-01 19:12:58,192.168.0.4,1,2,38 minutes
175,175,2024-01-01 18:17:24,2024-01-01 21:17:24,192.168.0.241,1,1,14 minutes
176,176,2024-01-01 14:17:42,2024-01-01 19:17:42,192.168.0.254,1,3,59 minutes
177,177,2024-01-01 14:14:34,2024-01-01 15:14:34,192.168.0.94,2,3,39 minutes
178,178,2024-01-01 06:47:58,2024-01-01 07:47:58,192.168.0.171,2,3,33 minutes
179,179,2024-01-01 15:16:06,2024-01-01 17:16:06,192.168.0.23,2,1,4 minutes
180,180,2024-01-01 16:14:14,2024-01-01 19:14:14,192.168.0.195,1,2,46 minutes
181,181,2024-01-01 02:37:36,2024-01-01 06:37:36,192.168.0.50,2,3,52 minutes
182,182,2024-01-01 03:35:19,2024-01-01 04:35:19,192.168.0.149,2,1,29 minutes
183,183,2024-01-01 10:18:32,2024-01-01 11:18:32,192.168.0.250,1,3,56 minutes
184,184,2024-01-01 17:08:43,2024-01-01 18:08:43,192.168.0.62,1,3,36 minutes
185,185,2024-01-01 19:34:47,2024-01-01 23:34:47,192.168.0.236,2,1,28 minutes
186,186,2024-01-01 15:42:50,2024-01-01 19:42:50,192.168.0.63,1,3,3 minutes
187,187,2024-01-01 16:35:31,2024-01-01 21:35:31,192.168.0.32,2,3,27 minutes
188,188,2024-01-01 03:37:10,2024-01-01 07:37:10,192.168.0.247,1,2,33 minutes
189,189,2024-01-01 15:31:29,2024-01-01 18:31:29,192.168.0.161,1,3,53 minutes
190,190,2024-01-01 16:41:49,2024-01-01 20:41:49,192.168.0.166,1,3,58 minutes
191,191,2024-01-01 23:46:47,2024-01-02 04:46:47,192.168.0.170,2,3,37 minutes
192,192,2024-01-01 14:08:04,2024-01-01 16:08:04,192.168.0.75,1,2,12 minutes
193,193,2024-01-01 18:23:06,2024-01-01 23:23:06,192.168.0.77,1,1,20 minutes
194,194,2024-01-01 03:08:01,2024-01-01 04:08:01,192.168.0.83,1,3,15 minutes
195,195,2024-01-01 13:34:19,2024-01-01 16:34:19,192.168.0.218,1,1,44 minutes
196,196,2024-01-01 21:58:59,2024-01-01 23:58:59,192.168.0.130,2,1,49 minutes
197,197,2024-01-01 02:19:18,2024-01-01 06:19:18,192.168.0.143,2,2,54 minutes
198,198,2024-01-01 14:20:12,2024-01-01 19:20:12,192.168.0.131,2,1,40 minutes
199,199,2024-01-01 23:44:45,2024-01-02 03:44:45,192.168.0.125,2,1,3 minutes
200,200,2024-01-01 03:20:42,2024-01-01 06:20:42,192.168.0.19,2,2,60 minutes
201,201,2024-01-01 05:12:30,2024-01-01 10:12:30,192.168.0.133,1,3,4 minutes
202,202,2024-01-01 03:00:45,2024-01-01 04:00:45,192.168.0.157,2,3,54 minutes
203,203,2024-01-01 06:48:06,2024-01-01 07:48:06,192.168.0.224,1,1,35 minutes
204,204,2024-01-01 01:05:43,2024-01-01 05:05:43,192.168.0.152,2,2,26 minutes
205,205,2024-01-01 11:54:43,2024-01-01 16:54:43,192.168.0.173,1,3,43 minutes
206,206,2024-01-01 14:23:09,2024-01-01 17:23:09,192.168.0.152,2,1,12 minutes
207,207,2024-01-01 00:30:48,2024-01-01 03:30:48,192.168.0.44,1,3,36 minutes
208,208,2024-01-01 04:13:14,2024-01-01 06:13:14,192.168.0.179,1,1,28 minutes
209,209,2024-01-01 17:13:07,2024-01-01 22:13:07,192.168.0.39,2,2,45 minutes
210,210,2024-01-01 04:07:54,2024-01-01 08:07:54,192.168.0.80,2,3,2 minutes
211,211,2024-01-01 23:07:26,2024-01-02 03:07:26,192.168.0.164,2,3,23 minutes
212,212,2024-01-01 11:39:24,2024-01-01 14:39:24,192.168.0.176,1,1,25 minutes
213,213,2024-01-01 10:36:29,2024-01-01 11:36:29,192.168.0.207,1,1,58 minutes
214,214,2024-01-01 15:17:31,2024-01-01 20:17:31,192.168.0.211,1,3,17 minutes
215,215,2024-01-01 02:19:36,2024-01-01 05:19:36,192.168.0.37,2,3,9 minutes
216,216,2024-01-01 13:51:03,2024-01-01 16:51:03,192.168.0.80,2,1,32 minutes
217,217,2024-01-01 23:57:06,2024-01-02 01:57:06,192.168.0.91,2,3,18 minutes
218,218,2024-01-01 18:01:13,2024-01-01 23:01:13,192.168.0.9,1,3,36 minutes
219,219,2024-01-01 01:08:16,2024-01-01 03:08:16,192.168.0.213,1,2,24 minutes
220,220,2024-01-01 01:36:04,2024-01-01 06:36:04,192.168.0.31,1,2,2 minutes
221,221,2024-01-01 10:59:14,2024-01-01 14:59:14,192.168.0.182,1,3,27 minutes
222,222,2024-01-01 18:31:37,2024-01-01 21:31:37,192.168.0.243,1,3,15 minutes
223,223,2024-01-01 04:02:49,2024-01-01 05:02:49,192.168.0.245,2,3,60 minutes
224,224,2024-01-01 00:31:02,2024-01-01 04:31:02,192.168.0.47,2,2,44 minutes
225,225,2024-01-01 13:31:17,2024-01-01 17:31:17,192.168.0.2,1,3,16 minutes
226,226,2024-01-01 20:28:47,2024-01-01 23:28:47,192.168.0.199,1,1,28 minutes
227,227,2024-01-01 06:26:25,2024-01-01 09:26:25,192.168.0.137,1,1,13 minutes
228,228,2024-01-01 11:52:56,2024-01-01 12:52:56,192.168.0.165,2,1,51 minutes
229,229,2024-01-01 15:34:59,2024-01-01 16:34:59,192.168.0.204,1,3,7 minutes
230,230,2024-01-01 16:55:44,2024-01-01 20:55:44,192.168.0.120,2,2,15 minutes
231,231,2024-01-01 18:50:13,2024-01-01 19:50:13,192.168.0.50,1,3,1 minutes
232,232,2024-01-01 20:48:33,2024-01-02 00:48:33,192.168.0.136,1,3,12 minutes
233,233,2024-01-01 12:34:38,2024-01-01 15:34:38,192.168.0.78,2,2,13 minutes
234,234,2024-01-01 23:33:53,2024-01-02 04:33:53,192.168.0.68,2,1,2 minutes
235,235,2024-01-01 03:02:29,2024-01-01 08:02:29,192.168.0.236,2,3,30 minutes
236,236,2024-01-01 20:58:56,2024-01-01 23:58:56,192.168.0.249,2,3,3 minutes
237,237,2024-01-01 08:47:26,2024-01-01 13:47:26,192.168.0.116,2,3,38 minutes
238,238,2024-01-01 16:53:39,2024-01-01 19:53:39,192.168.0.235,2,1,11 minutes
239,239,2024-01-01 03:58:48,2024-01-01 08:58:48,192.168.0.59,2,1,18 minutes
240,240,2024-01-01 23:22:00,2024-01-02 04:22:00,192.168.0.149,2,3,54 minutes
241,241,2024-01-01 18:25:36,2024-01-01 23:25:36,192.168.0.109,1,3,37 minutes
242,242,2024-01-01 19:56:25,2024-01-02 00:56:25,192.168.0.15,2,1,18 minutes
243,243,2024-01-01 15:04:07,2024-01-01 17:04:07,192.168.0.61,1,3,42 minutes
244,244,2024-01-01 04:41:15,2024-01-01 06:41:15,192.168.0.201,2,2,23 minutes
245,245,2024-01-01 12:13:52,2024-01-01 16:13:52,192.168.0.116,2,3,52 minutes
246,246,2024-01-01 21:09:42,2024-01-01 23:09:42,192.168.0.135,1,2,8 minutes
247,247,2024-01-01 15:39:09,2024-01-01 19:39:09,192.168.0.98,1,3,37 minutes
248,248,2024-01-01 15:25:53,2024-01-01 19:25:53,192.168.0.37,2,1,32 minutes
249,249,2024-01-01 16:15:14,2024-01-01 17:15:14,192.168.0.158,2,2,25 minutes
250,250,2024-01-01 23:15:26,2024-01-02 03:15:26,192.168.0.70,1,1,55 minutes
251,251,2024-01-01 15:54:38,2024-01-01 16:54:38,192.168.0.217,2,3,10 minutes
252,252,2024-01-01 20:20:02,2024-01-01 23:20:02,192.168.0.228,1,3,3 minutes
253,253,2024-01-01 03:55:36,2024-01-01 06:55:36,192.168.0.160,1,1,30 minutes
254,254,2024-01-01 10:48:25,2024-01-01 15:48:25,192.168.0.99,1,2,54 minutes
255,255,2024-01-01 13:24:48,2024-01-01 17:24:48,192.168.0.174,1,3,57 minutes
256,256,2024-01-01 06:59:55,2024-01-01 10:59:55,192.168.0.167,1,3,45 minutes
257,257,2024-01-01 12:42:26,2024-01-01 17:42:26,192.168.0.177,1,1,53 minutes
258,258,2024-01-01 15:52:48,2024-01-01 19:52:48,192.168.0.206,2,1,25 minutes
259,259,2024-01-01 04:50:29,2024-01-01 07:50:29,192.168.0.245,1,3,42 minutes
260,260,2024-01-01 04:23:57,2024-01-01 09:23:57,192.168.0.190,1,1,28 minutes
261,261,2024-01-01 12:09:03,2024-01-01 13:09:03,192.168.0.67,2,3,54 minutes
262,262,2024-01-01 06:48:36,2024-01-01 10:48:36,192.168.0.241,1,3,55 minutes
263,263,2024-01-01 10:47:17,2024-01-01 13:47:17,192.168.0.101,1,3,1 minutes
264,264,2024-01-01 14:58:11,2024-01-01 16:58:11,192.168.0.99,2,2,21 minutes
265,265,2024-01-01 10:31:45,2024-01-01 14:31:45,192.168.0.237,2,1,38 minutes
266,266,2024-01-01 13:11:39,2024-01-01 16:11:39,192.168.0.203,1,2,49 minutes
267,267,2024-01-01 12:59:48,2024-01-01 17:59:48,192.168.0.223,1,2,27 minutes
268,268,2024-01-01 00:22:44,2024-01-01 04:22:44,192.168.0.216,2,3,23 minutes
269,269,2024-01-01 23:32:09,2024-01-02 00:32:09,192.168.0.214,2,3,15 minutes
270,270,2024-01-01 12:44:00,2024-01-01 14:44:00,192.168.0.244,2,2,47 minutes
271,271,2024-01-01 18:35:00,2024-01-01 21:35:00,192.168.0.170,1,2,31 minutes
272,272,2024-01-01 00:24:00,2024-01-01 02:24:00,192.168.0.41,1,1,40 minutes
273,273,2024-01-01 07:49:09,2024-01-01 09:49:09,192.168.0.14,1,2,28 minutes
274,274,2024-01-01 16:26:45,2024-01-01 20:26:45,192.168.0.218,1,1,53 minutes
275,275,2024-01-01 01:44:04,2024-01-01 05:44:04,192.168.0.217,1,1,5 minutes
276,276,2024-01-01 12:17:40,2024-01-01 15:17:40,192.168.0.83,2,1,22 minutes
277,277,2024-01-01 21:04:56,2024-01-01 22:04:56,192.168.0.24,2,3,20 minutes
278,278,2024-01-01 06:10:57,2024-01-01 08:10:57,192.168.0.141,2,2,60 minutes
279,279,2024-01-01 08:28:07,2024-01-01 12:28:07,192.168.0.191,1,1,6 minutes
280,280,2024-01-01 21:02:12,2024-01-02 00:02:12,192.168.0.216,2,3,60 minutes
281,281,2024-01-01 22:34:27,2024-01-02 00:34:27,192.168.0.195,1,3,53 minutes
282,282,2024-01-01 04:40:06,2024-01-01 05:40:06,192.168.0.61,2,2,50 minutes
283,283,2024-01-01 01:54:58,2024-01-01 04:54:58,192.168.0.78,1,2,26 minutes
284,284,2024-01-01 02:19:36,2024-01-01 07:19:36,192.168.0.217,2,3,15 minutes
285,285,2024-01-01 11:16:42,2024-01-01 16:16:42,192.168.0.182,1,1,49 minutes
286,286,2024-01-01 06:18:10,2024-01-01 08:18:10,192.168.0.2,1,3,22 minutes
287,287,2024-01-01 14:44:44,2024-01-01 15:44:44,192.168.0.91,1,2,57 minutes
288,288,2024-01-01 23:48:59,2024-01-02 04:48:59,192.168.0.41,1,3,7 minutes
289,289,2024-01-01 09:47:32,2024-01-01 10:47:32,192.168.0.128,2,2,13 minutes
290,290,2024-01-01 21:07:50,2024-01-02 01:07:50,192.168.0.163,2,3,1 minutes
291,291,2024-01-01 00:49:58,2024-01-01 05:49:58,192.168.0.72,2,1,19 minutes
292,292,2024-01-01 09:00:48,2024-01-01 14:00:48,192.168.0.73,1,3,16 minutes
293,293,2024-01-01 09:51:33,2024-01-01 12:51:33,192.168.0.78,2,2,25 minutes
294,294,2024-01-01 04:56:10,2024-01-01 06:56:10,192.168.0.243,2,2,12 minutes
295,295,2024-01-01 20:12:05,2024-01-02 00:12:05,192.168.0.20,2,1,29 minutes
296,296,2024-01-01 07:28:56,2024-01-01 08:28:56,192.168.0.33,1,3,51 minutes
297,297,2024-01-01 11:48:54,2024-01-01 14:48:54,192.168.0.219,2,2,53 minutes
298,298,2024-01-01 17:05:01,2024-01-01 21:05:01,192.168.0.216,2,3,27 minutes
299,299,2024-01-01 16:20:35,2024-01-01 19:20:35,192.168.0.139,2,2,15 minutes
300,300,2024-01-01 10:47:43,2024-01-01 14:47:43,192.168.0.22,2,1,46 minutes
301,301,2024-01-01 06:47:53,2024-01-01 11:47:53,192.168.0.35,1,3,10 minutes
302,302,2024-01-01 01:27:42,2024-01-01 03:27:42,192.168.0.178,2,3,60 minutes
303,303,2024-01-01 18:58:11,2024-01-01 23:58:11,192.168.0.242,2,1,48 minutes
304,304,2024-01-01 21:50:22,2024-01-02 00:50:22,192.168.0.78,2,1,10 minutes
305,305,2024-01-01 21:33:46,2024-01-01 23:33:46,192.168.0.22,1,2,56 minutes
306,306,2024-01-01 02:53:39,2024-01-01 03:53:39,192.168.0.240,2,2,14 minutes
307,307,2024-01-01 14:36:43,2024-01-01 19:36:43,192.168.0.48,1,1,16 minutes
308,308,2024-01-01 13:01:02,2024-01-01 18:01:02,192.168.0.139,2,2,27 minutes
309,309,2024-01-01 19:21:52,2024-01-01 20:21:52,192.168.0.114,2,3,24 minutes
310,310,2024-01-01 11:49:51,2024-01-01 13:49:51,192.168.0.221,2,1,52 minutes
311,311,2024-01-01 01:55:07,2024-01-01 02:55:07,192.168.0.83,1,3,4 minutes
312,312,2024-01-01 09:28:51,2024-01-01 11:28:51,192.168.0.173,1,3,57 minutes
313,313,2024-01-01 08:08:30,2024-01-01 11:08:30,192.168.0.55,1,3,59 minutes
314,314,2024-01-01 07:46:02,2024-01-01 09:46:02,192.168.0.162,2,3,60 minutes
315,315,2024-01-01 20:56:53,2024-01-01 22:56:53,192.168.0.234,2,3,18 minutes
316,316,2024-01-01 19:11:34,2024-01-01 20:11:34,192.168.0.217,2,3,5 minutes
317,317,2024-01-01 05:55:35,2024-01-01 10:55:35,192.168.0.2,2,1,29 minutes
318,318,2024-01-01 06:17:29,2024-01-01 08:17:29,192.168.0.7,1,2,52 minutes
319,319,2024-01-01 16:07:58,2024-01-01 20:07:58,192.168.0.169,2,2,50 minutes
320,320,2024-01-01 20:59:09,2024-01-01 23:59:09,192.168.0.13,1,3,47 minutes
321,321,2024-01-01 00:03:52,2024-01-01 01:03:52,192.168.0.165,1,1,54 minutes
322,322,2024-01-01 08:12:04,2024-01-01 12:12:04,192.168.0.88,2,3,22 minutes
323,323,2024-01-01 15:21:48,2024-01-01 16:21:48,192.168.0.45,1,2,54 minutes
324,324,2024-01-01 15:56:25,2024-01-01 20:56:25,192.168.0.235,1,2,43 minutes
325,325,2024-01-01 07:20:43,2024-01-01 09:20:43,192.168.0.168,1,1,35 minutes
326,326,2024-01-01 15:54:46,2024-01-01 16:54:46,192.168.0.216,2,1,8 minutes
327,327,2024-01-01 15:26:02,2024-01-01 19:26:02,192.168.0.132,1,3,32 minutes
328,328,2024-01-01 03:45:59,2024-01-01 04:45:59,192.168.0.132,2,1,35 minutes
329,329,2024-01-01 04:30:01,2024-01-01 06:30:01,192.168.0.3,1,2,24 minutes
330,330,2024-01-01 02:17:06,2024-01-01 06:17:06,192.168.0.52,1,3,17 minutes
331,331,2024-01-01 04:25:51,2024-01-01 06:25:51,192.168.0.246,2,3,47 minutes
332,332,2024-01-01 02:01:55,2024-01-01 05:01:55,192.168.0.23,2,3,37 minutes
333,333,2024-01-01 19:29:52,2024-01-02 00:29:52,192.168.0.14,2,3,25 minutes
334,334,2024-01-01 23:06:09,2024-01-02 02:06:09,192.168.0.26,1,3,26 minutes
335,335,2024-01-01 08:24:02,2024-01-01 13:24:02,192.168.0.4,1,3,15 minutes
336,336,2024-01-01 16:55:07,2024-01-01 17:55:07,192.168.0.14,2,1,36 minutes
337,337,2024-01-01 12:58:27,2024-01-01 14:58:27,192.168.0.105,2,1,45 minutes
338,338,2024-01-01 20:20:16,2024-01-02 01:20:16,192.168.0.30,1,3,16 minutes
339,339,2024-01-01 22:58:20,2024-01-02 02:58:20,192.168.0.188,1,3,15 minutes
340,340,2024-01-01 06:34:39,2024-01-01 11:34:39,192.168.0.220,2,2,59 minutes
341,341,2024-01-01 12:14:58,2024-01-01 14:14:58,192.168.0.163,2,1,4 minutes
342,342,2024-01-01 06:23:54,2024-01-01 10:23:54,192.168.0.46,2,2,5 minutes
343,343,2024-01-01 20:53:29,2024-01-01 21:53:29,192.168.0.56,2,1,37 minutes
344,344,2024-01-01 14:01:16,2024-01-01 15:01:16,192.168.0.60,1,1,46 minutes
345,345,2024-01-01 02:12:50,2024-01-01 07:12:50,192.168.0.121,2,1,31 minutes
346,346,2024-01-01 20:14:12,2024-01-02 00:14:12,192.168.0.193,1,3,29 minutes
347,347,2024-01-01 23:23:55,2024-01-02 03:23:55,192.168.0.186,2,2,26 minutes
348,348,2024-01-01 13:23:12,2024-01-01 17:23:12,192.168.0.22,2,1,13 minutes
349,349,2024-01-01 04:44:17,2024-01-01 09:44:17,192.168.0.162,1,1,58 minutes
350,350,2024-01-01 21:20:51,2024-01-02 00:20:51,192.168.0.43,2,1,19 minutes
351,351,2024-01-01 22:58:22,2024-01-02 01:58:22,192.168.0.7,2,2,28 minutes
352,352,2024-01-01 11:20:36,2024-01-01 15:20:36,192.168.0.71,1,1,47 minutes
353,353,2024-01-01 06:38:09,2024-01-01 08:38:09,192.168.0.62,2,3,30 minutes
354,354,2024-01-01 18:49:50,2024-01-01 22:49:50,192.168.0.46,1,1,31 minutes
355,355,2024-01-01 04:42:45,2024-01-01 08:42:45,192.168.0.121,2,1,18 minutes
356,356,2024-01-01 08:01:56,2024-01-01 09:01:56,192.168.0.16,1,3,56 minutes
357,357,2024-01-01 21:33:58,2024-01-01 22:33:58,192.168.0.62,2,3,32 minutes
358,358,2024-01-01 11:08:54,2024-01-01 14:08:54,192.168.0.55,2,2,53 minutes
359,359,2024-01-01 00:38:27,2024-01-01 03:38:27,192.168.0.126,1,1,21 minutes
360,360,2024-01-01 20:22:45,2024-01-01 21:22:45,192.168.0.164,1,1,4 minutes
361,361,2024-01-01 09:03:11,2024-01-01 11:03:11,192.168.0.124,2,2,40 minutes
362,362,2024-01-01 08:31:32,2024-01-01 09:31:32,192.168.0.189,2,3,34 minutes
363,363,2024-01-01 06:49:14,2024-01-01 11:49:14,192.168.0.104,2,1,57 minutes
364,364,2024-01-01 03:30:32,2024-01-01 07:30:32,192.168.0.37,2,1,7 minutes
365,365,2024-01-01 14:16:15,2024-01-01 18:16:15,192.168.0.36,1,3,34 minutes
366,366,2024-01-01 16:12:27,2024-01-01 17:12:27,192.168.0.211,1,1,43 minutes
367,367,2024-01-01 21:51:53,2024-01-01 23:51:53,192.168.0.142,2,1,3 minutes
368,368,2024-01-01 10:11:52,2024-01-01 11:11:52,192.168.0.102,1,1,22 minutes
369,369,2024-01-01 07:00:43,2024-01-01 08:00:43,192.168.0.65,1,2,48 minutes
370,370,2024-01-01 06:58:45,2024-01-01 07:58:45,192.168.0.165,2,3,16 minutes
371,371,2024-01-01 01:10:16,2024-01-01 05:10:16,192.168.0.80,1,2,34 minutes
372,372,2024-01-01 05:05:04,2024-01-01 08:05:04,192.168.0.203,1,3,14 minutes
373,373,2024-01-01 19:20:09,2024-01-01 23:20:09,192.168.0.71,1,1,1 minutes
374,374,2024-01-01 22:36:30,2024-01-02 01:36:30,192.168.0.219,1,1,24 minutes
375,375,2024-01-01 19:44:20,2024-01-01 23:44:20,192.168.0.103,1,3,21 minutes
376,376,2024-01-01 02:53:51,2024-01-01 05:53:51,192.168.0.210,2,3,12 minutes
377,377,2024-01-01 12:23:40,2024-01-01 13:23:40,192.168.0.144,1,3,50 minutes
378,378,2024-01-01 04:32:46,2024-01-01 08:32:46,192.168.0.169,1,2,42 minutes
379,379,2024-01-01 15:04:10,2024-01-01 16:04:10,192.168.0.15,2,2,54 minutes
380,380,2024-01-01 15:10:59,2024-01-01 18:10:59,192.168.0.111,2,1,10 minutes
381,381,2024-01-01 04:00:01,2024-01-01 09:00:01,192.168.0.91,1,2,19 minutes
382,382,2024-01-01 15:18:43,2024-01-01 18:18:43,192.168.0.77,2,1,39 minutes
383,383,2024-01-01 11:45:05,2024-01-01 12:45:05,192.168.0.117,1,3,8 minutes
384,384,2024-01-01 02:27:53,2024-01-01 04:27:53,192.168.0.103,1,2,8 minutes
385,385,2024-01-01 07:16:07,2024-01-01 09:16:07,192.168.0.78,2,2,3 minutes
386,386,2024-01-01 19:37:15,2024-01-01 22:37:15,192.168.0.179,1,1,44 minutes
387,387,2024-01-01 00:54:01,2024-01-01 05:54:01,192.168.0.108,1,3,34 minutes
388,388,2024-01-01 17:21:55,2024-01-01 22:21:55,192.168.0.254,1,3,47 minutes
389,389,2024-01-01 12:21:57,2024-01-01 13:21:57,192.168.0.201,1,1,26 minutes
390,390,2024-01-01 04:07:48,2024-01-01 09:07:48,192.168.0.168,2,1,19 minutes
391,391,2024-01-01 12:28:15,2024-01-01 13:28:15,192.168.0.127,2,2,6 minutes
392,392,2024-01-01 19:50:10,2024-01-01 22:50:10,192.168.0.253,2,1,28 minutes
393,393,2024-01-01 05:45:28,2024-01-01 09:45:28,192.168.0.99,2,2,44 minutes
394,394,2024-01-01 18:03:49,2024-01-01 23:03:49,192.168.0.7,1,3,60 minutes
395,395,2024-01-01 19:36:33,2024-01-01 20:36:33,192.168.0.61,2,1,49 minutes
396,396,2024-01-01 02:48:47,2024-01-01 06:48:47,192.168.0.83,2,3,44 minutes
397,397,2024-01-01 15:14:37,2024-01-01 17:14:37,192.168.0.103,1,3,49 minutes
398,398,2024-01-01 09:26:12,2024-01-01 11:26:12,192.168.0.76,1,2,15 minutes
399,399,2024-01-01 09:56:32,2024-01-01 13:56:32,192.168.0.120,1,3,52 minutes
400,400,2024-01-01 11:33:57,2024-01-01 13:33:57,192.168.0.132,1,2,30 minutes
401,401,2024-01-01 15:28:14,2024-01-01 18:28:14,192.168.0.244,2,1,19 minutes
402,402,2024-01-01 05:40:32,2024-01-01 08:40:32,192.168.0.124,1,3,50 minutes
403,403,2024-01-01 01:33:53,2024-01-01 03:33:53,192.168.0.53,1,2,36 minutes
404,404,2024-01-01 11:57:40,2024-01-01 16:57:40,192.168.0.121,2,3,60 minutes
405,405,2024-01-01 02:30:56,2024-01-01 06:30:56,192.168.0.135,2,1,35 minutes
406,406,2024-01-01 11:55:50,2024-01-01 15:55:50,192.168.0.169,1,3,16 minutes
407,407,2024-01-01 07:07:02,2024-01-01 11:07:02,192.168.0.178,2,1,38 minutes
408,408,2024-01-01 16:24:06,2024-01-01 20:24:06,192.168.0.101,1,3,53 minutes
409,409,2024-01-01 05:58:10,2024-01-01 09:58:10,192.168.0.129,1,1,48 minutes
410,410,2024-01-01 02:59:01,2024-01-01 04:59:01,192.168.0.237,2,1,41 minutes
411,411,2024-01-01 16:06:36,2024-01-01 18:06:36,192.168.0.247,2,1,29 minutes
412,412,2024-01-01 21:28:57,2024-01-01 23:28:57,192.168.0.205,2,3,36 minutes
413,413,2024-01-01 21:46:33,2024-01-01 23:46:33,192.168.0.13,2,2,12 minutes
414,414,2024-01-01 03:12:19,2024-01-01 07:12:19,192.168.0.43,1,3,53 minutes
415,415,2024-01-01 08:28:29,2024-01-01 09:28:29,192.168.0.192,1,3,46 minutes
416,416,2024-01-01 13:26:26,2024-01-01 17:26:26,192.168.0.131,1,2,11 minutes
417,417,2024-01-01 06:18:43,2024-01-01 08:18:43,192.168.0.196,1,1,20 minutes
418,418,2024-01-01 08:07:07,2024-01-01 10:07:07,192.168.0.194,1,1,52 minutes
419,419,2024-01-01 20:51:03,2024-01-02 01:51:03,192.168.0.30,2,3,31 minutes
420,420,2024-01-01 06:22:27,2024-01-01 07:22:27,192.168.0.242,2,2,21 minutes
421,421,2024-01-01 13:00:35,2024-01-01 15:00:35,192.168.0.174,2,1,58 minutes
422,422,2024-01-01 23:33:25,2024-01-02 03:33:25,192.168.0.231,1,3,39 minutes
423,423,2024-01-01 17:02:57,2024-01-01 18:02:57,192.168.0.120,1,3,11 minutes
424,424,2024-01-01 16:00:33,2024-01-01 21:00:33,192.168.0.55,2,3,42 minutes
425,425,2024-01-01 07:33:05,2024-01-01 12:33:05,192.168.0.221,2,1,50 minutes
426,426,2024-01-01 12:05:01,2024-01-01 17:05:01,192.168.0.87,2,1,48 minutes
427,427,2024-01-01 09:44:17,2024-01-01 10:44:17,192.168.0.132,2,1,19 minutes
428,428,2024-01-01 09:20:48,2024-01-01 14:20:48,192.168.0.8,2,2,19 minutes
429,429,2024-01-01 09:22:57,2024-01-01 12:22:57,192.168.0.11,2,3,50 minutes
430,430,2024-01-01 22:49:57,2024-01-02 02:49:57,192.168.0.149,2,2,39 minutes
431,431,2024-01-01 08:05:49,2024-01-01 11:05:49,192.168.0.242,1,1,50 minutes
432,432,2024-01-01 19:10:49,2024-01-02 00:10:49,192.168.0.33,2,1,20 minutes
433,433,2024-01-01 06:22:28,2024-01-01 07:22:28,192.168.0.221,2,3,7 minutes
434,434,2024-01-01 15:03:24,2024-01-01 17:03:24,192.168.0.185,2,2,7 minutes
435,435,2024-01-01 00:45:23,2024-01-01 02:45:23,192.168.0.186,1,3,18 minutes
436,436,2024-01-01 21:56:58,2024-01-02 01:56:58,192.168.0.128,1,3,37 minutes
437,437,2024-01-01 17:31:37,2024-01-01 22:31:37,192.168.0.218,2,1,57 minutes
438,438,2024-01-01 12:11:21,2024-01-01 15:11:21,192.168.0.86,1,2,46 minutes
439,439,2024-01-01 13:53:08,2024-01-01 18:53:08,192.168.0.228,1,2,47 minutes
440,440,2024-01-01 06:58:59,2024-01-01 07:58:59,192.168.0.138,2,2,7 minutes
441,441,2024-01-01 14:32:48,2024-01-01 17:32:48,192.168.0.49,1,1,48 minutes
442,442,2024-01-01 10:08:06,2024-01-01 14:08:06,192.168.0.74,2,3,39 minutes
443,443,2024-01-01 20:08:00,2024-01-01 23:08:00,192.168.0.39,1,1,7 minutes
444,444,2024-01-01 23:47:01,2024-01-02 04:47:01,192.168.0.128,2,3,4 minutes
445,445,2024-01-01 12:36:43,2024-01-01 13:36:43,192.168.0.136,2,3,36 minutes
446,446,2024-01-01 16:18:15,2024-01-01 20:18:15,192.168.0.9,2,2,24 minutes
447,447,2024-01-01 11:56:16,2024-01-01 13:56:16,192.168.0.9,2,1,17 minutes
448,448,2024-01-01 12:03:16,2024-01-01 13:03:16,192.168.0.21,1,2,19 minutes
449,449,2024-01-01 06:31:12,2024-01-01 09:31:12,192.168.0.58,1,1,16 minutes
450,450,2024-01-01 08:00:20,2024-01-01 13:00:20,192.168.0.72,2,2,29 minutes
451,451,2024-01-01 05:30:08,2024-01-01 08:30:08,192.168.0.207,1,2,26 minutes
452,452,2024-01-01 19:52:24,2024-01-01 21:52:24,192.168.0.98,1,2,38 minutes
453,453,2024-01-01 22:33:20,2024-01-01 23:33:20,192.168.0.61,2,2,15 minutes
454,454,2024-01-01 22:09:10,2024-01-02 02:09:10,192.168.0.77,2,2,55 minutes
455,455,2024-01-01 03:04:17,2024-01-01 08:04:17,192.168.0.195,2,3,24 minutes
456,456,2024-01-01 06:02:28,2024-01-01 10:02:28,192.168.0.140,2,1,36 minutes
457,457,2024-01-01 16:06:15,2024-01-01 19:06:15,192.168.0.103,1,2,46 minutes
458,458,2024-01-01 09:14:34,2024-01-01 12:14:34,192.168.0.120,1,3,14 minutes
459,459,2024-01-01 05:41:29,2024-01-01 10:41:29,192.168.0.158,2,1,33 minutes
460,460,2024-01-01 00:31:02,2024-01-01 01:31:02,192.168.0.213,1,3,16 minutes
461,461,2024-01-01 06:31:45,2024-01-01 10:31:45,192.168.0.93,1,1,54 minutes
462,462,2024-01-01 15:29:58,2024-01-01 18:29:58,192.168.0.215,2,3,24 minutes
463,463,2024-01-01 07:27:16,2024-01-01 12:27:16,192.168.0.248,2,2,30 minutes
464,464,2024-01-01 09:10:58,2024-01-01 14:10:58,192.168.0.176,2,3,43 minutes
465,465,2024-01-01 07:18:14,2024-01-01 11:18:14,192.168.0.55,1,3,34 minutes
466,466,2024-01-01 07:35:54,2024-01-01 11:35:54,192.168.0.57,2,2,1 minutes
467,467,2024-01-01 05:21:07,2024-01-01 09:21:07,192.168.0.252,1,1,10 minutes
468,468,2024-01-01 08:42:34,2024-01-01 13:42:34,192.168.0.250,1,1,1 minutes
469,469,2024-01-01 19:42:02,2024-01-01 21:42:02,192.168.0.49,2,3,58 minutes
470,470,2024-01-01 13:03:20,2024-01-01 15:03:20,192.168.0.150,2,2,2 minutes
471,471,2024-01-01 18:27:38,2024-01-01 20:27:38,192.168.0.28,1,3,46 minutes
472,472,2024-01-01 22:35:09,2024-01-02 03:35:09,192.168.0.84,2,1,38 minutes
473,473,2024-01-01 22:20:46,2024-01-02 02:20:46,192.168.0.205,1,2,6 minutes
474,474,2024-01-01 17:56:54,2024-01-01 19:56:54,192.168.0.243,1,2,49 minutes
475,475,2024-01-01 18:42:55,2024-01-01 19:42:55,192.168.0.243,1,1,8 minutes
476,476,2024-01-01 19:39:33,2024-01-01 21:39:33,192.168.0.165,2,3,41 minutes
477,477,2024-01-01 18:30:23,2024-01-01 22:30:23,192.168.0.204,1,1,25 minutes
478,478,2024-01-01 21:06:32,2024-01-01 22:06:32,192.168.0.83,2,1,22 minutes
479,479,2024-01-01 09:40:52,2024-01-01 14:40:52,192.168.0.77,2,3,57 minutes
480,480,2024-01-01 17:28:53,2024-01-01 21:28:53,192.168.0.71,1,3,14 minutes
481,481,2024-01-01 03:22:53,2024-01-01 07:22:53,192.168.0.155,2,2,13 minutes
482,482,2024-01-01 13:47:39,2024-01-01 14:47:39,192.168.0.27,2,2,36 minutes
483,483,2024-01-01 00:50:45,2024-01-01 05:50:45,192.168.0.21,2,1,5 minutes
484,484,2024-01-01 12:15:30,2024-01-01 13:15:30,192.168.0.91,2,1,16 minutes
485,485,2024-01-01 18:52:55,2024-01-01 22:52:55,192.168.0.64,2,1,13 minutes
486,486,2024-01-01 01:03:55,2024-01-01 05:03:55,192.168.0.32,1,2,20 minutes
487,487,2024-01-01 11:04:11,2024-01-01 15:04:11,192.168.0.12,1,2,2 minutes
488,488,2024-01-01 15:35:42,2024-01-01 19:35:42,192.168.0.32,1,1,33 minutes
489,489,2024-01-01 16:29:37,2024-01-01 19:29:37,192.168.0.249,1,2,28 minutes
490,490,2024-01-01 17:26:22,2024-01-01 22:26:22,192.168.0.194,2,2,27 minutes
491,491,2024-01-01 21:54:14,2024-01-02 00:54:14,192.168.0.98,2,3,43 minutes
492,492,2024-01-01 13:46:41,2024-01-01 14:46:41,192.168.0.133,2,1,47 minutes
493,493,2024-01-01 01:43:54,2024-01-01 05:43:54,192.168.0.214,1,2,59 minutes
494,494,2024-01-01 10:45:45,2024-01-01 13:45:45,192.168.0.154,2,2,17 minutes
495,495,2024-01-01 00:03:35,2024-01-01 02:03:35,192.168.0.223,2,1,32 minutes
496,496,2024-01-01 06:27:05,2024-01-01 07:27:05,192.168.0.253,2,2,42 minutes
497,497,2024-01-01 10:58:06,2024-01-01 14:58:06,192.168.0.237,2,1,15 minutes
498,498,2024-01-01 14:44:06,2024-01-01 18:44:06,192.168.0.136,2,3,7 minutes
499,499,2024-01-01 15:45:09,2024-01-01 16:45:09,192.168.0.93,2,2,29 minutes
500,500,2024-01-01 08:06:04,2024-01-01 11:06:04,192.168.0.142,1,2,56 minutes
501,501,2024-01-01 01:18:01,2024-01-01 02:18:01,192.168.0.175,2,3,41 minutes
502,502,2024-01-01 11:14:30,2024-01-01 16:14:30,192.168.0.67,1,1,29 minutes
503,503,2024-01-01 01:27:04,2024-01-01 06:27:04,192.168.0.152,1,1,59 minutes
504,504,2024-01-01 11:41:10,2024-01-01 14:41:10,192.168.0.64,1,2,9 minutes
505,505,2024-01-01 05:14:40,2024-01-01 10:14:40,192.168.0.204,1,2,60 minutes
506,506,2024-01-01 03:19:24,2024-01-01 06:19:24,192.168.0.68,1,3,53 minutes
507,507,2024-01-01 09:44:12,2024-01-01 13:44:12,192.168.0.247,2,3,28 minutes
508,508,2024-01-01 23:45:42,2024-01-02 00:45:42,192.168.0.56,2,2,38 minutes
509,509,2024-01-01 02:22:43,2024-01-01 04:22:43,192.168.0.8,1,3,57 minutes
510,510,2024-01-01 14:54:59,2024-01-01 18:54:59,192.168.0.136,1,3,34 minutes
511,511,2024-01-01 15:58:56,2024-01-01 20:58:56,192.168.0.142,1,2,13 minutes
512,512,2024-01-01 13:14:38,2024-01-01 14:14:38,192.168.0.84,1,2,45 minutes
513,513,2024-01-01 12:55:37,2024-01-01 14:55:37,192.168.0.151,1,3,28 minutes
514,514,2024-01-01 18:03:10,2024-01-01 20:03:10,192.168.0.161,1,1,16 minutes
515,515,2024-01-01 15:47:30,2024-01-01 16:47:30,192.168.0.35,1,1,58 minutes
516,516,2024-01-01 23:59:43,2024-01-02 01:59:43,192.168.0.166,1,2,47 minutes
517,517,2024-01-01 16:14:07,2024-01-01 19:14:07,192.168.0.201,1,1,1 minutes
518,518,2024-01-01 04:04:00,2024-01-01 08:04:00,192.168.0.203,2,3,5 minutes
519,519,2024-01-01 00:17:09,2024-01-01 04:17:09,192.168.0.229,1,3,34 minutes
520,520,2024-01-01 08:04:45,2024-01-01 10:04:45,192.168.0.44,1,1,59 minutes
521,521,2024-01-01 14:10:28,2024-01-01 18:10:28,192.168.0.252,1,1,17 minutes
522,522,2024-01-01 06:28:46,2024-01-01 08:28:46,192.168.0.238,1,1,23 minutes
523,523,2024-01-01 12:47:38,2024-01-01 15:47:38,192.168.0.132,2,2,25 minutes
524,524,2024-01-01 00:38:57,2024-01-01 05:38:57,192.168.0.234,1,1,37 minutes
525,525,2024-01-01 09:13:47,2024-01-01 10:13:47,192.168.0.112,1,3,31 minutes
526,526,2024-01-01 02:11:20,2024-01-01 04:11:20,192.168.0.142,2,1,54 minutes
527,527,2024-01-01 07:04:04,2024-01-01 08:04:04,192.168.0.216,1,3,17 minutes
528,528,2024-01-01 02:01:48,2024-01-01 07:01:48,192.168.0.187,1,3,57 minutes
529,529,2024-01-01 06:35:48,2024-01-01 08:35:48,192.168.0.3,2,1,54 minutes
530,530,2024-01-01 13:37:55,2024-01-01 18:37:55,192.168.0.247,2,3,47 minutes
531,531,2024-01-01 13:11:06,2024-01-01 14:11:06,192.168.0.190,1,3,6 minutes
532,532,2024-01-01 19:22:50,2024-01-02 00:22:50,192.168.0.197,1,3,39 minutes
533,533,2024-01-01 16:26:32,2024-01-01 17:26:32,192.168.0.160,1,2,42 minutes
534,534,2024-01-01 13:54:08,2024-01-01 16:54:08,192.168.0.206,1,1,2 minutes
535,535,2024-01-01 02:33:13,2024-01-01 03:33:13,192.168.0.122,2,3,17 minutes
536,536,2024-01-01 19:32:11,2024-01-01 23:32:11,192.168.0.185,1,1,57 minutes
537,537,2024-01-01 07:16:47,2024-01-01 09:16:47,192.168.0.123,2,3,60 minutes
538,538,2024-01-01 23:43:43,2024-01-02 00:43:43,192.168.0.200,1,2,53 minutes
539,539,2024-01-01 23:10:53,2024-01-02 04:10:53,192.168.0.177,2,3,6 minutes
540,540,2024-01-01 00:46:44,2024-01-01 03:46:44,192.168.0.1,2,1,19 minutes
541,541,2024-01-01 23:54:47,2024-01-02 04:54:47,192.168.0.135,2,1,46 minutes
542,542,2024-01-01 02:09:34,2024-01-01 05:09:34,192.168.0.108,1,1,35 minutes
543,543,2024-01-01 07:20:37,2024-01-01 08:20:37,192.168.0.252,1,1,50 minutes
544,544,2024-01-01 20:29:18,2024-01-01 21:29:18,192.168.0.107,1,1,52 minutes
545,545,2024-01-01 10:58:48,2024-01-01 15:58:48,192.168.0.227,1,3,30 minutes
546,546,2024-01-01 05:48:31,2024-01-01 09:48:31,192.168.0.88,2,3,24 minutes
547,547,2024-01-01 06:47:35,2024-01-01 08:47:35,192.168.0.34,2,3,22 minutes
548,548,2024-01-01 11:46:02,2024-01-01 15:46:02,192.168.0.61,1,3,8 minutes
549,549,2024-01-01 01:52:49,2024-01-01 02:52:49,192.168.0.167,2,3,9 minutes
550,550,2024-01-01 21:55:33,2024-01-02 00:55:33,192.168.0.152,2,2,57 minutes
551,551,2024-01-01 15:16:36,2024-01-01 20:16:36,192.168.0.163,2,2,3 minutes
552,552,2024-01-01 22:44:04,2024-01-02 01:44:04,192.168.0.161,2,1,6 minutes
553,553,2024-01-01 12:34:48,2024-01-01 13:34:48,192.168.0.211,1,1,42 minutes
554,554,2024-01-01 10:55:01,2024-01-01 11:55:01,192.168.0.169,1,2,32 minutes
555,555,2024-01-01 20:53:33,2024-01-02 00:53:33,192.168.0.69,2,2,12 minutes
556,556,2024-01-01 10:07:50,2024-01-01 13:07:50,192.168.0.77,2,2,16 minutes
557,557,2024-01-01 23:13:21,2024-01-02 00:13:21,192.168.0.253,1,2,47 minutes
558,558,2024-01-01 04:41:02,2024-01-01 05:41:02,192.168.0.112,1,1,52 minutes
559,559,2024-01-01 04:54:22,2024-01-01 08:54:22,192.168.0.142,1,2,17 minutes
560,560,2024-01-01 00:51:34,2024-01-01 05:51:34,192.168.0.116,1,2,34 minutes
561,561,2024-01-01 02:08:14,2024-01-01 07:08:14,192.168.0.85,2,1,5 minutes
562,562,2024-01-01 14:02:25,2024-01-01 15:02:25,192.168.0.211,1,3,32 minutes
563,563,2024-01-01 07:04:09,2024-01-01 09:04:09,192.168.0.203,1,3,20 minutes
564,564,2024-01-01 17:41:32,2024-01-01 21:41:32,192.168.0.45,2,2,52 minutes
565,565,2024-01-01 15:06:07,2024-01-01 18:06:07,192.168.0.25,2,2,17 minutes
566,566,2024-01-01 21:47:01,2024-01-01 22:47:01,192.168.0.153,2,2,30 minutes
567,567,2024-01-01 15:03:44,2024-01-01 17:03:44,192.168.0.44,2,2,8 minutes
568,568,2024-01-01 11:11:36,2024-01-01 16:11:36,192.168.0.156,2,2,36 minutes
569,569,2024-01-01 07:13:58,2024-01-01 08:13:58,192.168.0.88,1,2,16 minutes
570,570,2024-01-01 17:02:04,2024-01-01 22:02:04,192.168.0.9,2,1,20 minutes
571,571,2024-01-01 14:12:40,2024-01-01 19:12:40,192.168.0.147,1,2,21 minutes
572,572,2024-01-01 00:45:56,2024-01-01 05:45:56,192.168.0.95,1,1,46 minutes
573,573,2024-01-01 21:41:47,2024-01-01 22:41:47,192.168.0.214,1,1,34 minutes
574,574,2024-01-01 12:02:09,2024-01-01 13:02:09,192.168.0.236,1,3,46 minutes
575,575,2024-01-01 22:25:30,2024-01-01 23:25:30,192.168.0.112,1,2,22 minutes
576,576,2024-01-01 14:18:03,2024-01-01 19:18:03,192.168.0.168,2,2,28 minutes
577,577,2024-01-01 06:25:31,2024-01-01 09:25:31,192.168.0.129,1,3,30 minutes
578,578,2024-01-01 11:32:01,2024-01-01 12:32:01,192.168.0.80,1,3,56 minutes
579,579,2024-01-01 07:11:24,2024-01-01 11:11:24,192.168.0.169,2,3,6 minutes
580,580,2024-01-01 12:32:50,2024-01-01 16:32:50,192.168.0.226,2,2,57 minutes
581,581,2024-01-01 10:12:07,2024-01-01 14:12:07,192.168.0.2,2,1,17 minutes
582,582,2024-01-01 01:23:41,2024-01-01 03:23:41,192.168.0.8,1,3,36 minutes
583,583,2024-01-01 23:39:50,2024-01-02 02:39:50,192.168.0.138,1,3,57 minutes
584,584,2024-01-01 11:22:03,2024-01-01 12:22:03,192.168.0.224,1,2,57 minutes
585,585,2024-01-01 00:14:41,2024-01-01 05:14:41,192.168.0.66,1,2,11 minutes
586,586,2024-01-01 00:40:01,2024-01-01 04:40:01,192.168.0.28,2,3,58 minutes
587,587,2024-01-01 18:48:02,2024-01-01 20:48:02,192.168.0.227,1,2,24 minutes
588,588,2024-01-01 17:08:41,2024-01-01 22:08:41,192.168.0.192,1,2,51 minutes
589,589,2024-01-01 21:16:13,2024-01-02 01:16:13,192.168.0.1,1,2,39 minutes
590,590,2024-01-01 22:53:36,2024-01-02 00:53:36,192.168.0.119,2,3,6 minutes
591,591,2024-01-01 23:11:06,2024-01-02 01:11:06,192.168.0.240,2,2,45 minutes
592,592,2024-01-01 12:57:02,2024-01-01 13:57:02,192.168.0.138,2,2,56 minutes
593,593,2024-01-01 00:07:10,2024-01-01 02:07:10,192.168.0.30,1,2,16 minutes
594,594,2024-01-01 16:37:33,2024-01-01 20:37:33,192.168.0.143,2,1,59 minutes
595,595,2024-01-01 08:12:43,2024-01-01 09:12:43,192.168.0.160,2,3,46 minutes
596,596,2024-01-01 01:08:49,2024-01-01 05:08:49,192.168.0.1,1,1,48 minutes
597,597,2024-01-01 06:05:02,2024-01-01 08:05:02,192.168.0.50,1,1,41 minutes
598,598,2024-01-01 14:45:26,2024-01-01 19:45:26,192.168.0.136,1,1,4 minutes
599,599,2024-01-01 13:22:58,2024-01-01 15:22:58,192.168.0.221,1,3,47 minutes
600,600,2024-01-01 10:43:53,2024-01-01 12:43:53,192.168.0.156,2,3,36 minutes
601,601,2024-01-01 14:18:05,2024-01-01 16:18:05,192.168.0.61,1,2,37 minutes
602,602,2024-01-01 21:23:15,2024-01-02 02:23:15,192.168.0.71,1,1,24 minutes
603,603,2024-01-01 12:23:04,2024-01-01 16:23:04,192.168.0.35,2,2,54 minutes
604,604,2024-01-01 13:23:24,2024-01-01 14:23:24,192.168.0.111,1,2,37 minutes
605,605,2024-01-01 04:49:14,2024-01-01 05:49:14,192.168.0.6,2,1,24 minutes
606,606,2024-01-01 11:18:13,2024-01-01 12:18:13,192.168.0.139,1,2,59 minutes
607,607,2024-01-01 02:48:40,2024-01-01 03:48:40,192.168.0.212,2,2,9 minutes
608,608,2024-01-01 21:16:00,2024-01-02 02:16:00,192.168.0.192,1,2,23 minutes
609,609,2024-01-01 21:28:26,2024-01-02 01:28:26,192.168.0.44,2,1,23 minutes
610,610,2024-01-01 20:34:51,2024-01-02 01:34:51,192.168.0.78,2,1,10 minutes
611,611,2024-01-01 15:29:40,2024-01-01 20:29:40,192.168.0.242,1,2,51 minutes
612,612,2024-01-01 17:28:36,2024-01-01 21:28:36,192.168.0.77,2,1,11 minutes
613,613,2024-01-01 20:16:53,2024-01-01 22:16:53,192.168.0.138,1,1,33 minutes
614,614,2024-01-01 05:18:25,2024-01-01 09:18:25,192.168.0.5,2,1,33 minutes
615,615,2024-01-01 07:25:18,2024-01-01 09:25:18,192.168.0.149,1,2,40 minutes
616,616,2024-01-01 04:21:54,2024-01-01 06:21:54,192.168.0.10,1,1,31 minutes
617,617,2024-01-01 04:05:52,2024-01-01 07:05:52,192.168.0.198,2,3,40 minutes
618,618,2024-01-01 16:35:30,2024-01-01 18:35:30,192.168.0.144,2,3,24 minutes
619,619,2024-01-01 17:55:58,2024-01-01 20:55:58,192.168.0.105,1,2,8 minutes
620,620,2024-01-01 02:22:54,2024-01-01 06:22:54,192.168.0.56,1,3,34 minutes
621,621,2024-01-01 08:15:47,2024-01-01 12:15:47,192.168.0.195,1,2,58 minutes
622,622,2024-01-01 04:24:37,2024-01-01 07:24:37,192.168.0.13,2,3,36 minutes
623,623,2024-01-01 07:47:04,2024-01-01 10:47:04,192.168.0.192,1,1,11 minutes
624,624,2024-01-01 16:23:57,2024-01-01 20:23:57,192.168.0.153,1,2,29 minutes
625,625,2024-01-01 10:57:03,2024-01-01 13:57:03,192.168.0.167,1,3,15 minutes
626,626,2024-01-01 19:28:17,2024-01-01 22:28:17,192.168.0.55,1,1,27 minutes
627,627,2024-01-01 09:27:21,2024-01-01 14:27:21,192.168.0.45,2,1,22 minutes
628,628,2024-01-01 13:34:21,2024-01-01 15:34:21,192.168.0.143,1,1,7 minutes
629,629,2024-01-01 18:01:50,2024-01-01 19:01:50,192.168.0.32,2,3,51 minutes
630,630,2024-01-01 09:21:49,2024-01-01 12:21:49,192.168.0.166,1,2,35 minutes
631,631,2024-01-01 17:15:09,2024-01-01 19:15:09,192.168.0.26,2,2,59 minutes
632,632,2024-01-01 21:49:10,2024-01-01 22:49:10,192.168.0.146,1,2,55 minutes
633,633,2024-01-01 04:31:55,2024-01-01 09:31:55,192.168.0.166,1,1,57 minutes
634,634,2024-01-01 02:51:02,2024-01-01 04:51:02,192.168.0.148,1,1,15 minutes
635,635,2024-01-01 17:50:50,2024-01-01 18:50:50,192.168.0.124,1,2,57 minutes
636,636,2024-01-01 07:30:18,2024-01-01 08:30:18,192.168.0.236,2,3,16 minutes
637,637,2024-01-01 10:13:08,2024-01-01 15:13:08,192.168.0.237,1,3,9 minutes
638,638,2024-01-01 03:52:35,2024-01-01 07:52:35,192.168.0.49,2,2,18 minutes
639,639,2024-01-01 08:03:49,2024-01-01 12:03:49,192.168.0.173,1,2,40 minutes
640,640,2024-01-01 04:15:10,2024-01-01 09:15:10,192.168.0.9,2,3,37 minutes
641,641,2024-01-01 11:10:53,2024-01-01 13:10:53,192.168.0.9,1,3,42 minutes
642,642,2024-01-01 15:48:43,2024-01-01 19:48:43,192.168.0.41,1,2,9 minutes
643,643,2024-01-01 09:53:27,2024-01-01 12:53:27,192.168.0.71,1,2,14 minutes
644,644,2024-01-01 17:59:08,2024-01-01 18:59:08,192.168.0.87,1,1,11 minutes
645,645,2024-01-01 11:21:36,2024-01-01 16:21:36,192.168.0.153,2,2,50 minutes
646,646,2024-01-01 06:13:41,2024-01-01 11:13:41,192.168.0.182,1,3,44 minutes
647,647,2024-01-01 04:56:42,2024-01-01 05:56:42,192.168.0.21,1,1,32 minutes
648,648,2024-01-01 17:08:02,2024-01-01 20:08:02,192.168.0.88,1,2,51 minutes
649,649,2024-01-01 16:13:57,2024-01-01 17:13:57,192.168.0.243,2,2,55 minutes
650,650,2024-01-01 03:55:49,2024-01-01 04:55:49,192.168.0.242,2,1,22 minutes
651,651,2024-01-01 23:13:07,2024-01-02 02:13:07,192.168.0.207,1,2,35 minutes
652,652,2024-01-01 06:43:14,2024-01-01 09:43:14,192.168.0.221,2,2,52 minutes
653,653,2024-01-01 10:36:57,2024-01-01 13:36:57,192.168.0.181,1,3,3 minutes
654,654,2024-01-01 19:12:41,2024-01-01 21:12:41,192.168.0.54,2,2,60 minutes
655,655,2024-01-01 01:26:48,2024-01-01 06:26:48,192.168.0.38,1,3,31 minutes
656,656,2024-01-01 05:30:15,2024-01-01 06:30:15,192.168.0.173,1,2,31 minutes
657,657,2024-01-01 13:49:17,2024-01-01 15:49:17,192.168.0.202,2,2,8 minutes
658,658,2024-01-01 02:31:32,2024-01-01 03:31:32,192.168.0.115,1,2,3 minutes
659,659,2024-01-01 21:37:44,2024-01-02 01:37:44,192.168.0.215,1,3,47 minutes
660,660,2024-01-01 07:03:29,2024-01-01 10:03:29,192.168.0.242,1,1,30 minutes
661,661,2024-01-01 02:44:46,2024-01-01 04:44:46,192.168.0.198,2,2,33 minutes
662,662,2024-01-01 17:19:51,2024-01-01 18:19:51,192.168.0.62,1,3,53 minutes
663,663,2024-01-01 09:13:14,2024-01-01 13:13:14,192.168.0.158,2,2,3 minutes
664,664,2024-01-01 14:16:53,2024-01-01 17:16:53,192.168.0.35,1,2,57 minutes
665,665,2024-01-01 03:01:33,2024-01-01 06:01:33,192.168.0.69,1,1,36 minutes
666,666,2024-01-01 21:54:44,2024-01-02 00:54:44,192.168.0.211,2,1,51 minutes
667,667,2024-01-01 21:53:08,2024-01-02 02:53:08,192.168.0.191,1,1,53 minutes
668,668,2024-01-01 05:47:09,2024-01-01 07:47:09,192.168.0.245,2,1,19 minutes
669,669,2024-01-01 09:51:30,2024-01-01 12:51:30,192.168.0.75,2,3,20 minutes
670,670,2024-01-01 04:43:10,2024-01-01 09:43:10,192.168.0.186,1,2,59 minutes
671,671,2024-01-01 19:38:38,2024-01-02 00:38:38,192.168.0.40,2,3,38 minutes
672,672,2024-01-01 02:27:25,2024-01-01 07:27:25,192.168.0.116,1,1,27 minutes
673,673,2024-01-01 00:59:16,2024-01-01 05:59:16,192.168.0.112,2,2,59 minutes
674,674,2024-01-01 09:07:54,2024-01-01 10:07:54,192.168.0.212,1,1,42 minutes
675,675,2024-01-01 23:55:41,2024-01-02 01:55:41,192.168.0.15,1,1,1 minutes
676,676,2024-01-01 13:58:01,2024-01-01 18:58:01,192.168.0.254,2,1,56 minutes
677,677,2024-01-01 01:53:21,2024-01-01 03:53:21,192.168.0.51,1,2,34 minutes
678,678,2024-01-01 14:12:23,2024-01-01 17:12:23,192.168.0.224,2,2,11 minutes
679,679,2024-01-01 11:11:40,2024-01-01 15:11:40,192.168.0.132,2,1,44 minutes
680,680,2024-01-01 15:06:25,2024-01-01 17:06:25,192.168.0.9,2,3,24 minutes
681,681,2024-01-01 10:41:02,2024-01-01 14:41:02,192.168.0.180,1,1,3 minutes
682,682,2024-01-01 14:43:01,2024-01-01 19:43:01,192.168.0.70,1,2,31 minutes
683,683,2024-01-01 12:50:39,2024-01-01 14:50:39,192.168.0.233,1,2,26 minutes
684,684,2024-01-01 13:03:18,2024-01-01 16:03:18,192.168.0.152,1,3,49 minutes
685,685,2024-01-01 01:41:40,2024-01-01 02:41:40,192.168.0.221,2,1,2 minutes
686,686,2024-01-01 01:09:44,2024-01-01 05:09:44,192.168.0.91,1,3,33 minutes
687,687,2024-01-01 02:26:33,2024-01-01 06:26:33,192.168.0.71,2,3,13 minutes
688,688,2024-01-01 10:40:41,2024-01-01 12:40:41,192.168.0.230,2,2,9 minutes
689,689,2024-01-01 15:58:35,2024-01-01 16:58:35,192.168.0.59,2,3,16 minutes
690,690,2024-01-01 14:24:37,2024-01-01 16:24:37,192.168.0.222,2,3,43 minutes
691,691,2024-01-01 21:16:58,2024-01-02 02:16:58,192.168.0.123,2,2,14 minutes
692,692,2024-01-01 01:51:35,2024-01-01 06:51:35,192.168.0.120,1,1,45 minutes
693,693,2024-01-01 21:51:27,2024-01-01 23:51:27,192.168.0.178,1,1,35 minutes
694,694,2024-01-01 09:51:41,2024-01-01 11:51:41,192.168.0.13,1,1,38 minutes
695,695,2024-01-01 20:05:13,2024-01-01 21:05:13,192.168.0.154,2,3,29 minutes
696,696,2024-01-01 18:58:02,2024-01-01 21:58:02,192.168.0.227,2,1,31 minutes
697,697,2024-01-01 10:10:10,2024-01-01 12:10:10,192.168.0.13,2,3,7 minutes
698,698,2024-01-01 19:32:59,2024-01-01 23:32:59,192.168.0.236,1,1,28 minutes
699,699,2024-01-01 16:55:34,2024-01-01 20:55:34,192.168.0.116,1,1,60 minutes
700,700,2024-01-01 18:08:51,2024-01-01 20:08:51,192.168.0.84,2,2,35 minutes
701,701,2024-01-01 06:17:27,2024-01-01 11:17:27,192.168.0.60,2,2,41 minutes
702,702,2024-01-01 23:57:56,2024-01-02 03:57:56,192.168.0.151,1,1,4 minutes
703,703,2024-01-01 05:58:44,2024-01-01 06:58:44,192.168.0.248,1,2,59 minutes
704,704,2024-01-01 12:48:23,2024-01-01 16:48:23,192.168.0.168,2,3,16 minutes
705,705,2024-01-01 05:20:22,2024-01-01 06:20:22,192.168.0.39,1,1,40 minutes
706,706,2024-01-01 23:25:04,2024-01-02 01:25:04,192.168.0.77,1,1,25 minutes
707,707,2024-01-01 10:29:50,2024-01-01 11:29:50,192.168.0.25,2,1,28 minutes
708,708,2024-01-01 22:34:54,2024-01-01 23:34:54,192.168.0.104,2,1,4 minutes
709,709,2024-01-01 01:56:12,2024-01-01 04:56:12,192.168.0.174,1,3,1 minutes
710,710,2024-01-01 07:17:06,2024-01-01 12:17:06,192.168.0.157,1,1,2 minutes
711,711,2024-01-01 03:13:28,2024-01-01 06:13:28,192.168.0.78,2,2,27 minutes
712,712,2024-01-01 23:51:29,2024-01-02 00:51:29,192.168.0.130,1,1,27 minutes
713,713,2024-01-01 20:15:12,2024-01-02 01:15:12,192.168.0.65,2,1,12 minutes
714,714,2024-01-01 11:10:31,2024-01-01 13:10:31,192.168.0.160,2,2,11 minutes
715,715,2024-01-01 07:04:26,2024-01-01 08:04:26,192.168.0.32,2,1,50 minutes
716,716,2024-01-01 05:04:02,2024-01-01 08:04:02,192.168.0.55,1,1,21 minutes
717,717,2024-01-01 20:36:33,2024-01-01 23:36:33,192.168.0.248,1,1,16 minutes
718,718,2024-01-01 20:58:53,2024-01-02 01:58:53,192.168.0.98,1,3,20 minutes
719,719,2024-01-01 21:31:54,2024-01-02 02:31:54,192.168.0.92,2,3,41 minutes
720,720,2024-01-01 00:10:39,2024-01-01 03:10:39,192.168.0.101,2,3,36 minutes
721,721,2024-01-01 06:46:04,2024-01-01 09:46:04,192.168.0.183,1,3,27 minutes
722,722,2024-01-01 00:53:03,2024-01-01 01:53:03,192.168.0.71,1,3,31 minutes
723,723,2024-01-01 21:13:32,2024-01-01 23:13:32,192.168.0.22,2,1,50 minutes
724,724,2024-01-01 06:25:18,2024-01-01 10:25:18,192.168.0.192,1,3,37 minutes
725,725,2024-01-01 00:19:54,2024-01-01 02:19:54,192.168.0.9,1,1,37 minutes
726,726,2024-01-01 22:21:59,2024-01-02 01:21:59,192.168.0.36,1,1,6 minutes
727,727,2024-01-01 15:03:58,2024-01-01 16:03:58,192.168.0.148,2,3,29 minutes
728,728,2024-01-01 03:47:38,2024-01-01 06:47:38,192.168.0.116,1,2,41 minutes
729,729,2024-01-01 23:42:03,2024-01-02 02:42:03,192.168.0.90,2,3,11 minutes
730,730,2024-01-01 19:10:37,2024-01-01 20:10:37,192.168.0.23,2,1,31 minutes
731,731,2024-01-01 10:48:52,2024-01-01 14:48:52,192.168.0.172,2,2,54 minutes
732,732,2024-01-01 14:46:58,2024-01-01 16:46:58,192.168.0.30,1,3,43 minutes
733,733,2024-01-01 12:42:06,2024-01-01 17:42:06,192.168.0.156,2,1,17 minutes
734,734,2024-01-01 15:49:18,2024-01-01 18:49:18,192.168.0.218,2,2,1 minutes
735,735,2024-01-01 05:10:37,2024-01-01 07:10:37,192.168.0.218,2,3,50 minutes
736,736,2024-01-01 21:58:34,2024-01-01 22:58:34,192.168.0.85,2,2,40 minutes
737,737,2024-01-01 23:25:02,2024-01-02 02:25:02,192.168.0.236,2,2,32 minutes
738,738,2024-01-01 13:56:55,2024-01-01 16:56:55,192.168.0.224,2,2,21 minutes
739,739,2024-01-01 04:51:42,2024-01-01 08:51:42,192.168.0.88,1,2,51 minutes
740,740,2024-01-01 09:32:49,2024-01-01 14:32:49,192.168.0.157,1,2,31 minutes
741,741,2024-01-01 02:04:10,2024-01-01 03:04:10,192.168.0.108,2,1,32 minutes
742,742,2024-01-01 21:57:21,2024-01-02 02:57:21,192.168.0.219,2,1,47 minutes
743,743,2024-01-01 21:51:39,2024-01-01 23:51:39,192.168.0.84,1,2,10 minutes
744,744,2024-01-01 00:50:57,2024-01-01 05:50:57,192.168.0.227,2,3,57 minutes
745,745,2024-01-01 13:05:40,2024-01-01 14:05:40,192.168.0.45,2,3,20 minutes
746,746,2024-01-01 15:03:55,2024-01-01 20:03:55,192.168.0.23,1,2,45 minutes
747,747,2024-01-01 18:45:17,2024-01-01 20:45:17,192.168.0.237,2,3,21 minutes
748,748,2024-01-01 14:56:15,2024-01-01 16:56:15,192.168.0.54,1,3,49 minutes
749,749,2024-01-01 01:39:12,2024-01-01 06:39:12,192.168.0.142,2,2,29 minutes
750,750,2024-01-01 10:06:48,2024-01-01 12:06:48,192.168.0.66,2,2,10 minutes
751,751,2024-01-01 20:06:23,2024-01-01 22:06:23,192.168.0.102,1,3,41 minutes
752,752,2024-01-01 11:25:59,2024-01-01 15:25:59,192.168.0.238,1,1,44 minutes
753,753,2024-01-01 15:03:34,2024-01-01 16:03:34,192.168.0.94,2,2,15 minutes
754,754,2024-01-01 08:01:52,2024-01-01 13:01:52,192.168.0.140,1,2,34 minutes
755,755,2024-01-01 20:46:25,2024-01-02 00:46:25,192.168.0.167,1,1,30 minutes
756,756,2024-01-01 20:10:14,2024-01-01 21:10:14,192.168.0.141,2,1,18 minutes
757,757,2024-01-01 06:44:28,2024-01-01 07:44:28,192.168.0.6,2,3,14 minutes
758,758,2024-01-01 10:23:54,2024-01-01 15:23:54,192.168.0.231,1,1,1 minutes
759,759,2024-01-01 06:08:13,2024-01-01 11:08:13,192.168.0.175,2,2,57 minutes
760,760,2024-01-01 16:21:46,2024-01-01 19:21:46,192.168.0.152,2,1,41 minutes
761,761,2024-01-01 19:41:55,2024-01-01 20:41:55,192.168.0.12,1,3,10 minutes
762,762,2024-01-01 16:36:12,2024-01-01 20:36:12,192.168.0.245,1,3,55 minutes
763,763,2024-01-01 02:49:08,2024-01-01 03:49:08,192.168.0.133,1,1,4 minutes
764,764,2024-01-01 18:35:12,2024-01-01 20:35:12,192.168.0.14,1,1,44 minutes
765,765,2024-01-01 01:56:05,2024-01-01 02:56:05,192.168.0.195,2,1,27 minutes
766,766,2024-01-01 02:50:52,2024-01-01 03:50:52,192.168.0.127,2,1,54 minutes
767,767,2024-01-01 10:58:11,2024-01-01 14:58:11,192.168.0.17,1,2,8 minutes
768,768,2024-01-01 18:41:19,2024-01-01 19:41:19,192.168.0.195,2,1,49 minutes
769,769,2024-01-01 02:59:07,2024-01-01 06:59:07,192.168.0.160,2,3,58 minutes
770,770,2024-01-01 06:03:54,2024-01-01 10:03:54,192.168.0.128,1,1,5 minutes
771,771,2024-01-01 19:01:41,2024-01-01 22:01:41,192.168.0.39,2,3,7 minutes
772,772,2024-01-01 21:30:27,2024-01-01 23:30:27,192.168.0.81,1,1,11 minutes
773,773,2024-01-01 14:27:25,2024-01-01 18:27:25,192.168.0.30,1,3,31 minutes
774,774,2024-01-01 12:15:51,2024-01-01 16:15:51,192.168.0.202,1,3,9 minutes
775,775,2024-01-01 08:00:41,2024-01-01 11:00:41,192.168.0.68,2,2,14 minutes
776,776,2024-01-01 03:19:20,2024-01-01 05:19:20,192.168.0.53,1,3,36 minutes
777,777,2024-01-01 15:24:39,2024-01-01 19:24:39,192.168.0.88,2,1,34 minutes
778,778,2024-01-01 07:43:53,2024-01-01 12:43:53,192.168.0.227,1,3,50 minutes
779,779,2024-01-01 02:38:05,2024-01-01 05:38:05,192.168.0.249,2,1,60 minutes
780,780,2024-01-01 05:52:59,2024-01-01 06:52:59,192.168.0.189,2,3,52 minutes
781,781,2024-01-01 04:36:57,2024-01-01 08:36:57,192.168.0.104,1,2,13 minutes
782,782,2024-01-01 04:44:43,2024-01-01 07:44:43,192.168.0.2,2,3,17 minutes
783,783,2024-01-01 14:15:53,2024-01-01 19:15:53,192.168.0.167,1,1,53 minutes
784,784,2024-01-01 09:04:40,2024-01-01 12:04:40,192.168.0.87,2,3,56 minutes
785,785,2024-01-01 01:01:34,2024-01-01 02:01:34,192.168.0.146,1,1,46 minutes
786,786,2024-01-01 23:29:00,2024-01-02 02:29:00,192.168.0.102,1,1,50 minutes
787,787,2024-01-01 18:29:15,2024-01-01 20:29:15,192.168.0.25,2,2,49 minutes
788,788,2024-01-01 16:27:35,2024-01-01 20:27:35,192.168.0.110,2,3,50 minutes
789,789,2024-01-01 14:20:18,2024-01-01 16:20:18,192.168.0.169,1,3,44 minutes
790,790,2024-01-01 09:07:00,2024-01-01 14:07:00,192.168.0.97,1,1,22 minutes
791,791,2024-01-01 11:54:31,2024-01-01 15:54:31,192.168.0.148,1,2,10 minutes
792,792,2024-01-01 14:04:05,2024-01-01 16:04:05,192.168.0.213,2,3,48 minutes
793,793,2024-01-01 01:31:39,2024-01-01 03:31:39,192.168.0.152,1,2,21 minutes
794,794,2024-01-01 09:13:20,2024-01-01 12:13:20,192.168.0.152,1,2,53 minutes
795,795,2024-01-01 20:40:07,2024-01-02 01:40:07,192.168.0.129,1,2,53 minutes
796,796,2024-01-01 19:32:04,2024-01-01 21:32:04,192.168.0.120,1,1,25 minutes
797,797,2024-01-01 12:16:06,2024-01-01 14:16:06,192.168.0.60,1,1,60 minutes
798,798,2024-01-01 12:33:11,2024-01-01 13:33:11,192.168.0.235,2,1,54 minutes
799,799,2024-01-01 02:26:28,2024-01-01 04:26:28,192.168.0.19,2,3,60 minutes
800,800,2024-01-01 07:33:19,2024-01-01 08:33:19,192.168.0.84,1,2,25 minutes
801,801,2024-01-01 23:06:48,2024-01-02 00:06:48,192.168.0.183,1,2,9 minutes
802,802,2024-01-01 15:20:16,2024-01-01 16:20:16,192.168.0.104,2,3,9 minutes
803,803,2024-01-01 19:54:04,2024-01-01 20:54:04,192.168.0.125,2,3,14 minutes
804,804,2024-01-01 19:33:36,2024-01-02 00:33:36,192.168.0.182,2,2,14 minutes
805,805,2024-01-01 19:47:33,2024-01-01 23:47:33,192.168.0.38,2,1,40 minutes
806,806,2024-01-01 05:47:03,2024-01-01 09:47:03,192.168.0.125,1,2,42 minutes
807,807,2024-01-01 14:32:59,2024-01-01 19:32:59,192.168.0.63,2,1,4 minutes
808,808,2024-01-01 22:18:49,2024-01-02 00:18:49,192.168.0.243,1,2,18 minutes
809,809,2024-01-01 02:12:56,2024-01-01 07:12:56,192.168.0.58,1,2,13 minutes
810,810,2024-01-01 08:41:13,2024-01-01 12:41:13,192.168.0.55,1,2,21 minutes
811,811,2024-01-01 11:24:23,2024-01-01 12:24:23,192.168.0.147,1,1,40 minutes
812,812,2024-01-01 13:04:25,2024-01-01 18:04:25,192.168.0.105,1,3,11 minutes
813,813,2024-01-01 12:54:08,2024-01-01 13:54:08,192.168.0.243,2,2,10 minutes
814,814,2024-01-01 21:07:33,2024-01-02 02:07:33,192.168.0.159,1,2,6 minutes
815,815,2024-01-01 01:11:32,2024-01-01 06:11:32,192.168.0.80,1,2,25 minutes
816,816,2024-01-01 22:01:19,2024-01-02 02:01:19,192.168.0.243,1,1,60 minutes
817,817,2024-01-01 18:53:37,2024-01-01 19:53:37,192.168.0.207,1,2,50 minutes
818,818,2024-01-01 05:54:27,2024-01-01 06:54:27,192.168.0.45,1,1,31 minutes
819,819,2024-01-01 22:37:29,2024-01-02 03:37:29,192.168.0.224,1,3,51 minutes
820,820,2024-01-01 22:57:31,2024-01-02 01:57:31,192.168.0.148,1,1,49 minutes
821,821,2024-01-01 05:23:51,2024-01-01 10:23:51,192.168.0.39,2,2,24 minutes
822,822,2024-01-01 06:06:53,2024-01-01 10:06:53,192.168.0.173,2,2,29 minutes
823,823,2024-01-01 05:48:02,2024-01-01 10:48:02,192.168.0.23,1,3,9 minutes
824,824,2024-01-01 16:46:21,2024-01-01 17:46:21,192.168.0.221,2,1,27 minutes
825,825,2024-01-01 23:33:16,2024-01-02 00:33:16,192.168.0.104,2,1,53 minutes
826,826,2024-01-01 05:51:29,2024-01-01 10:51:29,192.168.0.42,2,1,3 minutes
827,827,2024-01-01 09:47:38,2024-01-01 10:47:38,192.168.0.13,1,3,43 minutes
828,828,2024-01-01 16:21:15,2024-01-01 21:21:15,192.168.0.64,1,3,52 minutes
829,829,2024-01-01 02:39:13,2024-01-01 04:39:13,192.168.0.93,1,3,34 minutes
830,830,2024-01-01 13:26:43,2024-01-01 17:26:43,192.168.0.114,2,3,1 minutes
831,831,2024-01-01 04:31:10,2024-01-01 09:31:10,192.168.0.238,1,1,2 minutes
832,832,2024-01-01 08:32:03,2024-01-01 09:32:03,192.168.0.15,2,2,17 minutes
833,833,2024-01-01 19:14:47,2024-01-01 21:14:47,192.168.0.43,1,1,60 minutes
834,834,2024-01-01 14:25:33,2024-01-01 19:25:33,192.168.0.56,1,1,20 minutes
835,835,2024-01-01 13:48:45,2024-01-01 16:48:45,192.168.0.86,2,2,14 minutes
836,836,2024-01-01 14:45:08,2024-01-01 16:45:08,192.168.0.77,1,2,56 minutes
837,837,2024-01-01 04:26:01,2024-01-01 09:26:01,192.168.0.16,2,3,16 minutes
838,838,2024-01-01 00:35:31,2024-01-01 02:35:31,192.168.0.22,2,1,27 minutes
839,839,2024-01-01 16:46:04,2024-01-01 19:46:04,192.168.0.195,2,1,28 minutes
840,840,2024-01-01 00:58:38,2024-01-01 02:58:38,192.168.0.55,2,2,6 minutes
841,841,2024-01-01 21:10:25,2024-01-01 23:10:25,192.168.0.142,2,1,25 minutes
842,842,2024-01-01 09:56:38,2024-01-01 11:56:38,192.168.0.182,1,2,54 minutes
843,843,2024-01-01 18:42:15,2024-01-01 19:42:15,192.168.0.33,2,2,43 minutes
844,844,2024-01-01 05:00:38,2024-01-01 07:00:38,192.168.0.106,2,3,51 minutes
845,845,2024-01-01 16:02:02,2024-01-01 17:02:02,192.168.0.14,1,3,11 minutes
846,846,2024-01-01 05:53:21,2024-01-01 10:53:21,192.168.0.242,1,2,12 minutes
847,847,2024-01-01 18:01:22,2024-01-01 23:01:22,192.168.0.85,1,1,51 minutes
848,848,2024-01-01 14:16:17,2024-01-01 19:16:17,192.168.0.239,2,1,38 minutes
849,849,2024-01-01 06:28:00,2024-01-01 11:28:00,192.168.0.215,2,1,18 minutes
850,850,2024-01-01 20:32:00,2024-01-01 21:32:00,192.168.0.18,1,1,60 minutes
851,851,2024-01-01 23:30:38,2024-01-02 03:30:38,192.168.0.136,2,2,27 minutes
852,852,2024-01-01 07:52:10,2024-01-01 11:52:10,192.168.0.102,2,3,2 minutes
853,853,2024-01-01 06:30:48,2024-01-01 07:30:48,192.168.0.103,1,3,36 minutes
854,854,2024-01-01 14:36:51,2024-01-01 18:36:51,192.168.0.130,2,3,44 minutes
855,855,2024-01-01 06:28:42,2024-01-01 09:28:42,192.168.0.22,1,2,20 minutes
856,856,2024-01-01 10:08:59,2024-01-01 11:08:59,192.168.0.139,1,1,40 minutes
857,857,2024-01-01 03:38:12,2024-01-01 05:38:12,192.168.0.144,1,1,7 minutes
858,858,2024-01-01 20:44:38,2024-01-01 23:44:38,192.168.0.84,1,3,29 minutes
859,859,2024-01-01 08:56:55,2024-01-01 10:56:55,192.168.0.248,1,3,34 minutes
860,860,2024-01-01 14:21:23,2024-01-01 19:21:23,192.168.0.132,1,1,38 minutes
861,861,2024-01-01 20:42:23,2024-01-01 22:42:23,192.168.0.87,1,1,14 minutes
862,862,2024-01-01 07:13:07,2024-01-01 08:13:07,192.168.0.119,1,2,32 minutes
863,863,2024-01-01 16:11:26,2024-01-01 19:11:26,192.168.0.115,1,1,54 minutes
864,864,2024-01-01 19:40:47,2024-01-01 23:40:47,192.168.0.41,1,3,41 minutes
865,865,2024-01-01 17:41:01,2024-01-01 22:41:01,192.168.0.161,2,2,24 minutes
866,866,2024-01-01 03:24:02,2024-01-01 06:24:02,192.168.0.69,1,2,47 minutes
867,867,2024-01-01 17:12:22,2024-01-01 18:12:22,192.168.0.61,2,1,12 minutes
868,868,2024-01-01 22:55:26,2024-01-01 23:55:26,192.168.0.26,1,1,32 minutes
869,869,2024-01-01 15:52:49,2024-01-01 17:52:49,192.168.0.245,1,2,12 minutes
870,870,2024-01-01 02:44:38,2024-01-01 05:44:38,192.168.0.34,2,2,50 minutes
871,871,2024-01-01 02:58:34,2024-01-01 06:58:34,192.168.0.23,2,1,49 minutes
872,872,2024-01-01 12:38:33,2024-01-01 15:38:33,192.168.0.157,2,1,48 minutes
873,873,2024-01-01 21:39:31,2024-01-02 00:39:31,192.168.0.248,1,2,9 minutes
874,874,2024-01-01 21:45:49,2024-01-01 22:45:49,192.168.0.240,2,1,53 minutes
875,875,2024-01-01 21:28:07,2024-01-02 01:28:07,192.168.0.26,2,3,34 minutes
876,876,2024-01-01 05:03:16,2024-01-01 07:03:16,192.168.0.141,1,1,13 minutes
877,877,2024-01-01 12:46:24,2024-01-01 16:46:24,192.168.0.117,1,1,2 minutes
878,878,2024-01-01 15:36:03,2024-01-01 18:36:03,192.168.0.38,2,3,51 minutes
879,879,2024-01-01 06:43:39,2024-01-01 11:43:39,192.168.0.118,1,2,17 minutes
880,880,2024-01-01 11:14:14,2024-01-01 14:14:14,192.168.0.36,2,1,40 minutes
881,881,2024-01-01 06:16:33,2024-01-01 10:16:33,192.168.0.44,1,3,54 minutes
882,882,2024-01-01 21:31:17,2024-01-02 02:31:17,192.168.0.66,1,2,18 minutes
883,883,2024-01-01 20:00:51,2024-01-01 21:00:51,192.168.0.24,2,2,40 minutes
884,884,2024-01-01 23:24:55,2024-01-02 04:24:55,192.168.0.102,2,3,59 minutes
885,885,2024-01-01 06:27:11,2024-01-01 11:27:11,192.168.0.72,2,3,27 minutes
886,886,2024-01-01 01:30:58,2024-01-01 03:30:58,192.168.0.125,1,1,52 minutes
887,887,2024-01-01 06:08:43,2024-01-01 11:08:43,192.168.0.134,1,1,59 minutes
888,888,2024-01-01 21:16:47,2024-01-01 22:16:47,192.168.0.147,2,1,59 minutes
889,889,2024-01-01 22:12:31,2024-01-02 02:12:31,192.168.0.77,2,1,58 minutes
890,890,2024-01-01 03:50:40,2024-01-01 07:50:40,192.168.0.242,2,2,32 minutes
891,891,2024-01-01 05:43:13,2024-01-01 08:43:13,192.168.0.169,2,2,46 minutes
892,892,2024-01-01 11:17:55,2024-01-01 16:17:55,192.168.0.222,2,2,2 minutes
893,893,2024-01-01 16:46:04,2024-01-01 19:46:04,192.168.0.251,2,1,37 minutes
894,894,2024-01-01 11:17:28,2024-01-01 16:17:28,192.168.0.48,2,1,4 minutes
895,895,2024-01-01 01:06:22,2024-01-01 04:06:22,192.168.0.214,2,2,15 minutes
896,896,2024-01-01 07:16:04,2024-01-01 08:16:04,192.168.0.50,1,2,18 minutes
897,897,2024-01-01 12:00:41,2024-01-01 16:00:41,192.168.0.83,1,2,39 minutes
898,898,2024-01-01 01:45:03,2024-01-01 02:45:03,192.168.0.126,1,3,35 minutes
899,899,2024-01-01 13:55:25,2024-01-01 14:55:25,192.168.0.156,2,2,31 minutes
900,900,2024-01-01 17:10:09,2024-01-01 21:10:09,192.168.0.142,1,3,5 minutes
901,901,2024-01-01 11:08:07,2024-01-01 13:08:07,192.168.0.243,1,3,38 minutes
902,902,2024-01-01 09:08:48,2024-01-01 13:08:48,192.168.0.228,1,3,10 minutes
903,903,2024-01-01 00:44:21,2024-01-01 01:44:21,192.168.0.151,2,1,37 minutes
904,904,2024-01-01 17:47:58,2024-01-01 19:47:58,192.168.0.33,1,3,4 minutes
905,905,2024-01-01 03:25:55,2024-01-01 06:25:55,192.168.0.17,1,1,51 minutes
906,906,2024-01-01 23:40:14,2024-01-02 03:40:14,192.168.0.25,2,1,13 minutes
907,907,2024-01-01 01:34:41,2024-01-01 02:34:41,192.168.0.201,1,3,28 minutes
908,908,2024-01-01 12:20:27,2024-01-01 17:20:27,192.168.0.156,2,1,60 minutes
909,909,2024-01-01 15:51:32,2024-01-01 16:51:32,192.168.0.226,2,3,41 minutes
910,910,2024-01-01 03:18:29,2024-01-01 05:18:29,192.168.0.9,2,3,60 minutes
911,911,2024-01-01 09:41:19,2024-01-01 10:41:19,192.168.0.18,1,2,51 minutes
912,912,2024-01-01 07:57:15,2024-01-01 10:57:15,192.168.0.155,2,2,43 minutes
913,913,2024-01-01 10:17:34,2024-01-01 13:17:34,192.168.0.200,1,1,30 minutes
914,914,2024-01-01 16:09:09,2024-01-01 19:09:09,192.168.0.77,2,1,13 minutes
915,915,2024-01-01 09:19:20,2024-01-01 14:19:20,192.168.0.83,1,2,47 minutes
916,916,2024-01-01 10:17:22,2024-01-01 12:17:22,192.168.0.111,1,2,21 minutes
917,917,2024-01-01 12:29:48,2024-01-01 14:29:48,192.168.0.232,1,2,38 minutes
918,918,2024-01-01 19:27:50,2024-01-01 23:27:50,192.168.0.50,1,2,23 minutes
919,919,2024-01-01 17:35:30,2024-01-01 21:35:30,192.168.0.246,1,1,7 minutes
920,920,2024-01-01 20:11:28,2024-01-02 01:11:28,192.168.0.129,2,2,2 minutes
921,921,2024-01-01 07:00:38,2024-01-01 10:00:38,192.168.0.110,2,2,52 minutes
922,922,2024-01-01 21:45:27,2024-01-02 02:45:27,192.168.0.60,1,1,60 minutes
923,923,2024-01-01 16:07:12,2024-01-01 20:07:12,192.168.0.216,1,1,26 minutes
924,924,2024-01-01 10:35:59,2024-01-01 11:35:59,192.168.0.200,2,2,42 minutes
925,925,2024-01-01 10:52:51,2024-01-01 11:52:51,192.168.0.124,1,2,6 minutes
926,926,2024-01-01 14:20:00,2024-01-01 16:20:00,192.168.0.178,1,2,55 minutes
927,927,2024-01-01 13:06:25,2024-01-01 15:06:25,192.168.0.85,2,2,11 minutes
928,928,2024-01-01 21:56:38,2024-01-01 23:56:38,192.168.0.166,1,1,50 minutes
929,929,2024-01-01 11:21:14,2024-01-01 12:21:14,192.168.0.113,2,2,59 minutes
930,930,2024-01-01 03:38:31,2024-01-01 04:38:31,192.168.0.247,1,3,32 minutes
931,931,2024-01-01 03:45:18,2024-01-01 07:45:18,192.168.0.164,1,2,4 minutes
932,932,2024-01-01 12:00:54,2024-01-01 17:00:54,192.168.0.74,2,2,53 minutes
933,933,2024-01-01 22:57:10,2024-01-02 02:57:10,192.168.0.230,1,3,39 minutes
934,934,2024-01-01 10:56:14,2024-01-01 14:56:14,192.168.0.87,1,2,19 minutes
935,935,2024-01-01 16:48:41,2024-01-01 19:48:41,192.168.0.140,1,3,50 minutes
936,936,2024-01-01 15:25:10,2024-01-01 16:25:10,192.168.0.63,1,1,9 minutes
937,937,2024-01-01 11:58:57,2024-01-01 12:58:57,192.168.0.115,2,3,36 minutes
938,938,2024-01-01 13:11:52,2024-01-01 17:11:52,192.168.0.13,2,2,26 minutes
939,939,2024-01-01 02:34:41,2024-01-01 06:34:41,192.168.0.120,2,1,55 minutes
940,940,2024-01-01 03:07:24,2024-01-01 04:07:24,192.168.0.199,1,1,36 minutes
941,941,2024-01-01 05:07:39,2024-01-01 06:07:39,192.168.0.92,1,1,34 minutes
942,942,2024-01-01 11:56:59,2024-01-01 15:56:59,192.168.0.85,2,2,19 minutes
943,943,2024-01-01 05:00:08,2024-01-01 09:00:08,192.168.0.109,2,1,7 minutes
944,944,2024-01-01 18:15:18,2024-01-01 21:15:18,192.168.0.247,1,3,13 minutes
945,945,2024-01-01 10:30:01,2024-01-01 14:30:01,192.168.0.71,1,1,10 minutes
946,946,2024-01-01 03:46:24,2024-01-01 04:46:24,192.168.0.249,2,1,4 minutes
947,947,2024-01-01 17:57:12,2024-01-01 20:57:12,192.168.0.159,1,2,7 minutes
948,948,2024-01-01 09:14:36,2024-01-01 14:14:36,192.168.0.247,1,3,48 minutes
949,949,2024-01-01 00:07:22,2024-01-01 05:07:22,192.168.0.136,1,3,60 minutes
950,950,2024-01-01 21:14:27,2024-01-02 01:14:27,192.168.0.92,1,1,4 minutes
951,951,2024-01-01 05:10:28,2024-01-01 07:10:28,192.168.0.86,1,3,7 minutes
952,952,2024-01-01 17:42:55,2024-01-01 19:42:55,192.168.0.166,2,3,15 minutes
953,953,2024-01-01 09:42:05,2024-01-01 14:42:05,192.168.0.161,1,3,25 minutes
954,954,2024-01-01 19:03:13,2024-01-01 21:03:13,192.168.0.184,2,1,59 minutes
955,955,2024-01-01 02:27:28,2024-01-01 07:27:28,192.168.0.217,1,1,44 minutes
956,956,2024-01-01 17:23:15,2024-01-01 22:23:15,192.168.0.107,1,2,44 minutes
957,957,2024-01-01 23:47:01,2024-01-02 01:47:01,192.168.0.29,2,2,2 minutes
958,958,2024-01-01 22:55:08,2024-01-02 00:55:08,192.168.0.117,1,1,20 minutes
959,959,2024-01-01 14:15:03,2024-01-01 18:15:03,192.168.0.218,2,3,19 minutes
960,960,2024-01-01 06:03:44,2024-01-01 11:03:44,192.168.0.19,1,2,60 minutes
961,961,2024-01-01 23:39:44,2024-01-02 01:39:44,192.168.0.128,1,3,29 minutes
962,962,2024-01-01 14:39:38,2024-01-01 18:39:38,192.168.0.39,1,1,58 minutes
963,963,2024-01-01 18:27:27,2024-01-01 19:27:27,192.168.0.131,2,1,47 minutes
964,964,2024-01-01 10:52:26,2024-01-01 11:52:26,192.168.0.240,2,3,55 minutes
965,965,2024-01-01 07:23:40,2024-01-01 08:23:40,192.168.0.180,1,1,39 minutes
966,966,2024-01-01 20:44:01,2024-01-02 00:44:01,192.168.0.92,2,3,42 minutes
967,967,2024-01-01 09:07:54,2024-01-01 12:07:54,192.168.0.17,1,1,50 minutes
968,968,2024-01-01 08:24:06,2024-01-01 09:24:06,192.168.0.25,1,2,55 minutes
969,969,2024-01-01 13:15:38,2024-01-01 15:15:38,192.168.0.200,2,2,9 minutes
970,970,2024-01-01 16:20:44,2024-01-01 18:20:44,192.168.0.164,1,3,37 minutes
971,971,2024-01-01 14:28:11,2024-01-01 18:28:11,192.168.0.225,1,2,8 minutes
972,972,2024-01-01 16:46:29,2024-01-01 20:46:29,192.168.0.144,1,2,52 minutes
973,973,2024-01-01 00:49:36,2024-01-01 03:49:36,192.168.0.60,1,3,8 minutes
974,974,2024-01-01 11:28:16,2024-01-01 12:28:16,192.168.0.189,1,1,1 minutes
975,975,2024-01-01 11:18:09,2024-01-01 13:18:09,192.168.0.107,1,2,30 minutes
976,976,2024-01-01 17:39:45,2024-01-01 22:39:45,192.168.0.191,2,1,48 minutes
977,977,2024-01-01 23:36:33,2024-01-02 02:36:33,192.168.0.42,1,3,6 minutes
978,978,2024-01-01 19:54:04,2024-01-02 00:54:04,192.168.0.88,1,1,6 minutes
979,979,2024-01-01 21:52:44,2024-01-02 00:52:44,192.168.0.128,1,1,3 minutes
980,980,2024-01-01 00:49:59,2024-01-01 03:49:59,192.168.0.189,2,3,51 minutes
981,981,2024-01-01 10:12:58,2024-01-01 13:12:58,192.168.0.172,2,3,18 minutes
982,982,2024-01-01 23:52:07,2024-01-02 03:52:07,192.168.0.206,2,3,47 minutes
983,983,2024-01-01 10:13:38,2024-01-01 15:13:38,192.168.0.121,1,3,27 minutes
984,984,2024-01-01 02:29:30,2024-01-01 07:29:30,192.168.0.124,1,2,38 minutes
985,985,2024-01-01 22:22:25,2024-01-02 01:22:25,192.168.0.180,2,2,30 minutes
986,986,2024-01-01 06:40:45,2024-01-01 11:40:45,192.168.0.103,1,2,16 minutes
987,987,2024-01-01 17:37:20,2024-01-01 20:37:20,192.168.0.153,1,3,13 minutes
988,988,2024-01-01 05:11:16,2024-01-01 07:11:16,192.168.0.220,2,1,13 minutes
989,989,2024-01-01 21:09:01,2024-01-02 00:09:01,192.168.0.149,1,2,9 minutes
990,990,2024-01-01 00:38:17,2024-01-01 04:38:17,192.168.0.179,1,1,8 minutes
991,991,2024-01-01 13:56:31,2024-01-01 17:56:31,192.168.0.161,1,2,34 minutes
992,992,2024-01-01 11:54:49,2024-01-01 13:54:49,192.168.0.181,1,2,1 minutes
993,993,2024-01-01 01:03:02,2024-01-01 03:03:02,192.168.0.204,2,1,59 minutes
994,994,2024-01-01 23:33:19,2024-01-02 00:33:19,192.168.0.142,1,2,32 minutes
995,995,2024-01-01 07:16:06,2024-01-01 09:16:06,192.168.0.188,2,1,16 minutes
996,996,2024-01-01 13:39:58,2024-01-01 15:39:58,192.168.0.176,1,1,39 minutes
997,997,2024-01-01 07:17:12,2024-01-01 11:17:12,192.168.0.240,2,3,14 minutes
998,998,2024-01-01 12:35:09,2024-01-01 13:35:09,192.168.0.134,2,1,24 minutes
999,999,2024-01-01 19:40:57,2024-01-01 22:40:57,192.168.0.197,1,2,8 minutes
1000,1000,2024-01-01 10:50:43,2024-01-01 12:50:43,192.168.0.105,1,3,33 minutes
